ai_speed,share_mode,labor_dist,Scenario,r_ai_annual_target,delta_rev_to_gdp_cbo_pp,prod_bump_pp_per_yr,blsmm_gstar_year_pct,blsmm_annualized_growth_horizon,blsmm_year_real_growth,blsmm_rgfr_year_pct,blsmm_rgfop_year_pct,blsmm_debt_year_B,blsmm_gdp_nominal_year_B,blsmm_debt_to_gdp_year_pct,delta_debt_to_gdp_vs_baseline_pp
Slow,Reallocated,Compressive,Slow AI · Reallocated shares · Compressive labor,0.02,-0.0914296837163459,0.0718416241189225,2.12847240803236,0.0199999999925828,0.0188414846906613,17.5516005836445,19.634462198743,40262.9124978303,37579.0323915506,107.141961715021,-0.22131836795927
Slow,Reallocated,Proportional,Slow AI · Reallocated shares · Proportional labor,0.02,-0.0823070036456097,0.071978338639114,2.12860977778824,0.0200000000031326,0.0188454989168403,17.5607232637152,19.6343369682425,40251.6861354858,37578.4309795631,107.113801950317,-0.249478132663015
Slow,Reallocated,Expansive,Slow AI · Reallocated shares · Expansive labor,0.02,-0.0730899773545152,0.0721164671411194,2.12874856830276,0.0200000000002025,0.0188495547058967,17.5699402900063,19.6342104425347,40240.3440093889,37577.8233558097,107.085350921922,-0.277929161057557
Moderate,Reallocated,Compressive,Moderate AI · Reallocated shares · Compressive labor,0.026,-0.370439628117808,0.680312455264255,2.73985947517528,0.0259999999795177,0.0250932159873469,17.272590639243,19.0771029174139,40168.1718420757,38682.0378896213,103.841922591294,-3.52135749168555
Moderate,Reallocated,Proportional,Moderate AI · Reallocated shares · Proportional labor,0.026,-0.317923206285625,0.68110471768988,2.74065553470024,0.0259999999969089,0.0251164899936909,17.3251070610752,19.076377205032,40102.1821610345,38678.473559463,103.68088104455,-3.68239903843002
Moderate,Reallocated,Expansive,Moderate AI · Reallocated shares · Expansive labor,0.026,-0.261422843576262,0.681957121290771,2.7415120236409,0.0259999999806146,0.0251415319984967,17.3816074237845,19.0755964033336,40031.1990153855,38674.6391059965,103.507621378628,-3.85565870435232
Rapid,Reallocated,Compressive,Rapid AI · Reallocated shares · Compressive labor,0.033,-0.776554092394349,1.38913158131778,3.4520757794424,0.0329999999773796,0.0323551188574007,16.8664761749664,18.4278245979488,40148.3948390993,40006.8681748826,100.353755919104,-7.00952416387608
Rapid,Reallocated,Proportional,Rapid AI · Reallocated shares · Proportional labor,0.033,-0.678426174659694,1.39062326594584,3.45357461331113,0.0329999999967665,0.0323989620357821,16.9646040927011,18.4264582148295,40022.0256744747,39999.9789491081,100.055116842423,-7.30816324055688
Rapid,Reallocated,Expansive,Rapid AI · Reallocated shares · Expansive labor,0.033,-0.56478195699525,1.39235098398685,3.45531061183704,0.032999999986455,0.0324497477140056,17.0782483103655,18.424875625104,39875.7248889079,39992.0014999253,99.7092503334258,-7.65402974955407
