year,value,cost_pct_baseline_gdp,cost_billion_nominal
2026,20.1391008,0.0624,20.1391008
2027,37.465130671806754,0.114027613081308,38.3720022160564
2028,51.30869562836309,0.153352224233537,53.6761921739984
2029,65.64275899849348,0.192875599754181,70.1116306398431
2030,79.74233164021717,0.23013851338132,86.8600284129447
2031,82.59026758559342,0.234267706559463,91.7739055092565
2032,82.78618151097926,0.230766830994161,93.8076398664504
2033,82.6987223582853,0.226435341001245,95.5226543427392
2034,82.3095419717417,0.22144471212292,96.9409658472022
2035,81.54948466380588,0.21561994130396,97.9580799138608
2036,81.55574433110512,0.211845210318253,99.8780257731158
2037,81.33742824696722,0.20762925024761,101.579496244889
2038,81.17628771596748,0.203674227103815,103.404590403698
2039,81.00793549689902,0.199833240756657,105.273550063292
2040,80.62872489429407,0.195439518619213,106.85440697035
2041,80.59379665050852,0.192120791785418,109.002805152125
2042,80.14631371951324,0.187754231145706,110.519462867377
2043,79.45202080094826,0.183056962658913,111.785747874254
2044,78.80228684770049,0.178518374916171,113.077109039401
2045,78.85298838215986,0.17574466007563,115.416439122148
2046,78.43330844302648,0.172066200651754,117.115999142613
2047,77.46368402875557,0.167238148863617,117.953400869807
2048,76.75827987542958,0.163205989032518,119.25983877771
2049,76.12895553930248,0.159380523992384,120.643087636035
2050,75.55070071135819,0.155788894316092,122.126964765637
2051,74.650877438151,0.151584004200065,123.044071057285
2052,74.29244227197091,0.148650576998663,124.925944909676
2053,73.78988305454317,0.145502580255006,126.592628417325
2054,73.39360717260672,0.142572494761349,128.411054001694
2055,72.99994490088885,0.139709841683779,130.262382769438
