year,source,series,value
1997,Portfolio,Entrants and exiters,1.17308
1997,Portfolio,Everyone else,8.82692
1997,Realized,Entrants and exiters,0.343561
1997,Realized,Everyone else,9.656439
2000,Portfolio,Entrants and exiters,1.31981
2000,Portfolio,Everyone else,8.68019
2000,Realized,Entrants and exiters,0.44155
2000,Realized,Everyone else,9.55845
2003,Portfolio,Entrants and exiters,1.250692
2003,Portfolio,Everyone else,8.749308
2003,Realized,Entrants and exiters,0.328859
2003,Realized,Everyone else,9.671141
2006,Portfolio,Entrants and exiters,0.735427
2006,Portfolio,Everyone else,9.264573
2006,Realized,Entrants and exiters,0.563132
2006,Realized,Everyone else,9.436868
2009,Portfolio,Entrants and exiters,1.193422
2009,Portfolio,Everyone else,8.806578
2009,Realized,Entrants and exiters,0.148835
2009,Realized,Everyone else,9.851165
2012,Portfolio,Entrants and exiters,0.605121
2012,Portfolio,Everyone else,9.394879
2012,Realized,Entrants and exiters,0.379689
2012,Realized,Everyone else,9.620311
2015,Portfolio,Entrants and exiters,0.559776
2015,Portfolio,Everyone else,9.440224
2015,Realized,Entrants and exiters,0.340056
2015,Realized,Everyone else,9.659944
2018,Portfolio,Entrants and exiters,0.49426
2018,Portfolio,Everyone else,9.50574
2018,Realized,Entrants and exiters,0.285174
2018,Realized,Everyone else,9.714826
2021,Portfolio,Entrants and exiters,1.664337
2021,Portfolio,Everyone else,8.335663
2021,Realized,Entrants and exiters,0.647153
2021,Realized,Everyone else,9.352847
