ai_speed,share_mode,labor_dist,Scenario,income_concept,gini_baseline,gini_cf,delta
Moderate,Reallocated,Proportional,Moderate AI · Reallocated shares · Proportional labor,aftertax,0.554723007083343,0.556846975499188,0.00212396841584506
Moderate,Reallocated,Proportional,Moderate AI · Reallocated shares · Proportional labor,pretax,0.591605525530161,0.593727708415495,0.00212218288533417
Moderate,Reallocated,Compressive,Moderate AI · Reallocated shares · Compressive labor,aftertax,0.554723007083343,0.546302636014886,-0.0084203710684565
Moderate,Reallocated,Compressive,Moderate AI · Reallocated shares · Compressive labor,pretax,0.591605525530161,0.58204777395084,-0.00955775157932159
Moderate,Reallocated,Expansive,Moderate AI · Reallocated shares · Expansive labor,aftertax,0.554723007083343,0.567436925514403,0.0127139184310602
Moderate,Reallocated,Expansive,Moderate AI · Reallocated shares · Expansive labor,pretax,0.591605525530161,0.60542710730706,0.0138215817768991
Rapid,Reallocated,Proportional,Rapid AI · Reallocated shares · Proportional labor,aftertax,0.554723007083343,0.559636303883901,0.00491329680055819
Rapid,Reallocated,Proportional,Rapid AI · Reallocated shares · Proportional labor,pretax,0.591605525530161,0.596550196912608,0.00494467138244681
Rapid,Reallocated,Compressive,Rapid AI · Reallocated shares · Compressive labor,aftertax,0.554723007083343,0.538876124113076,-0.015846882970267
Rapid,Reallocated,Compressive,Rapid AI · Reallocated shares · Compressive labor,pretax,0.591605525530161,0.573580990444202,-0.0180245350859591
Rapid,Reallocated,Expansive,Rapid AI · Reallocated shares · Expansive labor,aftertax,0.554723007083343,0.580604621671912,0.0258816145885689
Rapid,Reallocated,Expansive,Rapid AI · Reallocated shares · Expansive labor,pretax,0.591605525530161,0.619608861337528,0.0280033358073667
Slow,Reallocated,Proportional,Slow AI · Reallocated shares · Proportional labor,aftertax,0.554723007083343,0.555343655924813,0.000620648841470062
Slow,Reallocated,Proportional,Slow AI · Reallocated shares · Proportional labor,pretax,0.591605525530161,0.592210868249462,0.000605342719301016
Slow,Reallocated,Compressive,Slow AI · Reallocated shares · Compressive labor,aftertax,0.554723007083343,0.553596118824457,-0.00112688825888563
Slow,Reallocated,Compressive,Slow AI · Reallocated shares · Compressive labor,pretax,0.591605525530161,0.590265834463162,-0.00133969106699938
Slow,Reallocated,Expansive,Slow AI · Reallocated shares · Expansive labor,aftertax,0.554723007083343,0.557083258091105,0.00236025100776249
Slow,Reallocated,Expansive,Slow AI · Reallocated shares · Expansive labor,pretax,0.591605525530161,0.594137779701154,0.0025322541709929
