policy,series,value,potential_gdp_billion_2026_dollars
Universal subsidy,paid_for,0.120905754204981,63.46424165980524
Universal subsidy,deficit_financed,-0.334023915298498,-175.33139444065327
Income-limited subsidy,paid_for,0.115320342127423,60.532421382180004
Income-limited subsidy,deficit_financed,-0.312775500146556,-164.1779587505332
Expanded care credit,paid_for,0.0456326228092552,23.952869907477105
Expanded care credit,deficit_financed,-0.00220261505663455,-1.1561674227745056
Provider tax credit,paid_for,0.0177175438118571,9.300057631562769
Provider tax credit,deficit_financed,-0.0363662657014263,-19.08889688432152
Child allowance,paid_for,-0.00070810899005513,-0.37169116029126104
Child allowance,deficit_financed,-0.109706439474877,-57.58564621057181
