policy,estimate,series,value,total_gdp_pct,total_gdp_billion_2026_dollars
Universal subsidy,Test-score,immediate,0.0803,0.5376591484948052,282.22089473780966
Universal subsidy,Test-score,career,0.0641,0.5376591484948052,282.22089473780966
Universal subsidy,Test-score,children,0.3932591484948052,0.5376591484948052,282.22089473780966
Income-limited subsidy,Test-score,immediate,0.0781,0.47249328111246314,248.01489368584816
Income-limited subsidy,Test-score,career,0.0601,0.47249328111246314,248.01489368584816
Income-limited subsidy,Test-score,children,0.33429328111246315,0.47249328111246314,248.01489368584816
Expanded care credit,Test-score,immediate,0.0276,0.07328327487675464,38.46688271358293
Expanded care credit,Test-score,career,0.0257,0.07328327487675464,38.46688271358293
Expanded care credit,Test-score,children,0.01998327487675463,0.07328327487675464,38.46688271358293
Provider tax credit,Test-score,immediate,0.0113,0.1340540679299169,70.3658797592092
Provider tax credit,Test-score,career,0.0094,0.1340540679299169,70.3658797592092
Provider tax credit,Test-score,children,0.11335406792991688,0.1340540679299169,70.3658797592092
Child allowance,Test-score,immediate,-0.0001,-0.00192353345272588,-1.0096756162452822
Child allowance,Test-score,career,-0.0006,-0.00192353345272588,-1.0096756162452822
Child allowance,Test-score,children,-0.00122353345272588,-0.00192353345272588,-1.0096756162452822
Universal subsidy,Schooling,immediate,0.0803,0.2947813448824431,154.73270591161855
Universal subsidy,Schooling,career,0.0641,0.2947813448824431,154.73270591161855
Universal subsidy,Schooling,children,0.15038134488244315,0.2947813448824431,154.73270591161855
Income-limited subsidy,Schooling,immediate,0.0781,0.27384115536359854,143.74105992450538
Income-limited subsidy,Schooling,career,0.0601,0.27384115536359854,143.74105992450538
Income-limited subsidy,Schooling,children,0.13564115536359858,0.27384115536359854,143.74105992450538
Expanded care credit,Schooling,immediate,0.0276,0.08250952754117208,43.309804645291024
Expanded care credit,Schooling,career,0.0257,0.08250952754117208,43.309804645291024
Expanded care credit,Schooling,children,0.02920952754117208,0.08250952754117208,43.309804645291024
Provider tax credit,Schooling,immediate,0.0113,0.05778845023022838,30.333545286347924
Provider tax credit,Schooling,career,0.0094,0.05778845023022838,30.333545286347924
Provider tax credit,Schooling,children,0.03708845023022839,0.05778845023022838,30.333545286347924
Child allowance,Schooling,immediate,-0.0001,-1.171965395599904e-05,-0.006151725000381941
Child allowance,Schooling,career,-0.0006,-1.171965395599904e-05,-0.006151725000381941
Child allowance,Schooling,children,0.000688280346044001,-1.171965395599904e-05,-0.006151725000381941
