date,series,etr
2025-01-01,April 2026 release,2.0045
2025-01-02,April 2026 release,2.0045
2025-01-03,April 2026 release,2.0045
2025-01-04,April 2026 release,2.0045
2025-01-05,April 2026 release,2.0045
2025-01-06,April 2026 release,2.0045
2025-01-07,April 2026 release,2.0045
2025-01-08,April 2026 release,2.0045
2025-01-09,April 2026 release,2.0045
2025-01-10,April 2026 release,2.0045
2025-01-11,April 2026 release,2.0045
2025-01-12,April 2026 release,2.0045
2025-01-13,April 2026 release,2.0045
2025-01-14,April 2026 release,2.0045
2025-01-15,April 2026 release,2.0045
2025-01-16,April 2026 release,2.0045
2025-01-17,April 2026 release,2.0045
2025-01-18,April 2026 release,2.0045
2025-01-19,April 2026 release,2.0045
2025-01-20,April 2026 release,2.0045
2025-01-21,April 2026 release,2.0045
2025-01-22,April 2026 release,2.0045
2025-01-23,April 2026 release,2.0045
2025-01-24,April 2026 release,2.0045
2025-01-25,April 2026 release,2.0045
2025-01-26,April 2026 release,2.0045
2025-01-27,April 2026 release,3.4192
2025-01-28,April 2026 release,3.4192
2025-01-29,April 2026 release,3.4192
2025-01-30,April 2026 release,3.4192
2025-01-31,April 2026 release,3.4192
2025-02-01,April 2026 release,3.4192
2025-02-02,April 2026 release,3.4192
2025-02-03,April 2026 release,3.4192
2025-02-04,April 2026 release,5.5039
2025-02-05,April 2026 release,5.5039
2025-02-06,April 2026 release,5.5039
2025-02-07,April 2026 release,5.5039
2025-02-08,April 2026 release,5.5039
2025-02-09,April 2026 release,5.5039
2025-02-10,April 2026 release,5.5039
2025-02-11,April 2026 release,5.5039
2025-02-12,April 2026 release,5.5039
2025-02-13,April 2026 release,5.5039
2025-02-14,April 2026 release,5.5039
2025-02-15,April 2026 release,5.5039
2025-02-16,April 2026 release,5.5039
2025-02-17,April 2026 release,5.5039
2025-02-18,April 2026 release,5.5039
2025-02-19,April 2026 release,5.5039
2025-02-20,April 2026 release,5.5039
2025-02-21,April 2026 release,5.5039
2025-02-22,April 2026 release,5.5039
2025-02-23,April 2026 release,5.5039
2025-02-24,April 2026 release,5.5039
2025-02-25,April 2026 release,5.5039
2025-02-26,April 2026 release,5.5039
2025-02-27,April 2026 release,5.5039
2025-02-28,April 2026 release,5.5039
2025-03-01,April 2026 release,5.5039
2025-03-02,April 2026 release,5.5039
2025-03-03,April 2026 release,5.5039
2025-03-04,April 2026 release,5.6147
2025-03-05,April 2026 release,5.6175999999999995
2025-03-06,April 2026 release,5.6175999999999995
2025-03-07,April 2026 release,5.6175999999999995
2025-03-08,April 2026 release,5.6175999999999995
2025-03-09,April 2026 release,5.6175999999999995
2025-03-10,April 2026 release,5.6175999999999995
2025-03-11,April 2026 release,5.6175999999999995
2025-03-12,April 2026 release,7.7905
2025-03-13,April 2026 release,7.7905
2025-03-14,April 2026 release,7.7905
2025-03-15,April 2026 release,7.7905
2025-03-16,April 2026 release,7.7905
2025-03-17,April 2026 release,7.7905
2025-03-18,April 2026 release,7.7905
2025-03-19,April 2026 release,7.7905
2025-03-20,April 2026 release,7.7905
2025-03-21,April 2026 release,7.7905
2025-03-22,April 2026 release,7.7905
2025-03-23,April 2026 release,7.7905
2025-03-24,April 2026 release,7.7905
2025-03-25,April 2026 release,7.7905
2025-03-26,April 2026 release,7.7905
2025-03-27,April 2026 release,7.7905
2025-03-28,April 2026 release,7.7905
2025-03-29,April 2026 release,7.7905
2025-03-30,April 2026 release,7.7905
2025-03-31,April 2026 release,7.7905
2025-04-01,April 2026 release,7.7905
2025-04-02,April 2026 release,13.0777
2025-04-03,April 2026 release,16.6364
2025-04-04,April 2026 release,16.6364
2025-04-05,April 2026 release,19.5527
2025-04-06,April 2026 release,19.5527
2025-04-07,April 2026 release,19.5527
2025-04-08,April 2026 release,19.5527
2025-04-09,April 2026 release,19.545
2025-04-10,April 2026 release,19.545
2025-04-11,April 2026 release,20.9985
2025-04-12,April 2026 release,20.9985
2025-04-13,April 2026 release,20.9985
2025-04-14,April 2026 release,13.2283
2025-04-15,April 2026 release,13.2283
2025-04-16,April 2026 release,13.2283
2025-04-17,April 2026 release,13.2283
2025-04-18,April 2026 release,13.2283
2025-04-19,April 2026 release,13.2283
2025-04-20,April 2026 release,13.2283
2025-04-21,April 2026 release,13.2283
2025-04-22,April 2026 release,13.2283
2025-04-23,April 2026 release,13.2283
2025-04-24,April 2026 release,13.2283
2025-04-25,April 2026 release,13.2283
2025-04-26,April 2026 release,13.2283
2025-04-27,April 2026 release,13.2283
2025-04-28,April 2026 release,13.2283
2025-04-29,April 2026 release,13.2283
2025-04-30,April 2026 release,13.2283
2025-05-01,April 2026 release,13.2283
2025-05-02,April 2026 release,14.296500000000002
2025-05-03,April 2026 release,14.296500000000002
2025-05-04,April 2026 release,14.296500000000002
2025-05-05,April 2026 release,14.296500000000002
2025-05-06,April 2026 release,14.296500000000002
2025-05-07,April 2026 release,14.296500000000002
2025-05-08,April 2026 release,14.296500000000002
2025-05-09,April 2026 release,14.296500000000002
2025-05-10,April 2026 release,14.296500000000002
2025-05-11,April 2026 release,14.296500000000002
2025-05-12,April 2026 release,14.296500000000002
2025-05-13,April 2026 release,14.296500000000002
2025-05-14,April 2026 release,14.3042
2025-05-15,April 2026 release,14.3042
2025-05-16,April 2026 release,14.3042
2025-05-17,April 2026 release,14.3042
2025-05-18,April 2026 release,14.3042
2025-05-19,April 2026 release,14.3042
2025-05-20,April 2026 release,14.3042
2025-05-21,April 2026 release,14.3042
2025-05-22,April 2026 release,14.3042
2025-05-23,April 2026 release,14.3042
2025-05-24,April 2026 release,14.3042
2025-05-25,April 2026 release,14.3042
2025-05-26,April 2026 release,14.3042
2025-05-27,April 2026 release,14.3042
2025-05-28,April 2026 release,14.3042
2025-05-29,April 2026 release,14.3042
2025-05-30,April 2026 release,14.3042
2025-05-31,April 2026 release,14.3042
2025-06-01,April 2026 release,14.3042
2025-06-02,April 2026 release,14.3042
2025-06-03,April 2026 release,14.3042
2025-06-04,April 2026 release,14.0566
2025-06-05,April 2026 release,14.0566
2025-06-06,April 2026 release,14.0566
2025-06-07,April 2026 release,14.0566
2025-06-08,April 2026 release,14.0566
2025-06-09,April 2026 release,14.0566
2025-06-10,April 2026 release,14.0566
2025-06-11,April 2026 release,14.0566
2025-06-12,April 2026 release,14.0566
2025-06-13,April 2026 release,14.0566
2025-06-14,April 2026 release,14.0566
2025-06-15,April 2026 release,14.0566
2025-06-16,April 2026 release,14.0566
2025-06-17,April 2026 release,14.0566
2025-06-18,April 2026 release,14.0566
2025-06-19,April 2026 release,14.0566
2025-06-20,April 2026 release,14.0566
2025-06-21,April 2026 release,14.0566
2025-06-22,April 2026 release,14.0566
2025-06-23,April 2026 release,14.0566
2025-06-24,April 2026 release,14.0566
2025-06-25,April 2026 release,14.0566
2025-06-26,April 2026 release,14.0566
2025-06-27,April 2026 release,14.0566
2025-06-28,April 2026 release,14.0566
2025-06-29,April 2026 release,14.0566
2025-06-30,April 2026 release,14.0566
2025-07-01,April 2026 release,14.2742
2025-07-02,April 2026 release,14.2742
2025-07-03,April 2026 release,14.2742
2025-07-04,April 2026 release,14.2742
2025-07-05,April 2026 release,14.2742
2025-07-06,April 2026 release,14.2742
2025-07-07,April 2026 release,14.2742
2025-07-08,April 2026 release,14.2742
2025-07-09,April 2026 release,14.2742
2025-07-10,April 2026 release,14.2742
2025-07-11,April 2026 release,14.2742
2025-07-12,April 2026 release,14.2742
2025-07-13,April 2026 release,14.2742
2025-07-14,April 2026 release,14.2742
2025-07-15,April 2026 release,14.2742
2025-07-16,April 2026 release,14.2742
2025-07-17,April 2026 release,14.2742
2025-07-18,April 2026 release,14.2742
2025-07-19,April 2026 release,14.2742
2025-07-20,April 2026 release,14.2742
2025-07-21,April 2026 release,14.2742
2025-07-22,April 2026 release,14.2742
2025-07-23,April 2026 release,14.2742
2025-07-24,April 2026 release,14.2742
2025-07-25,April 2026 release,14.2742
2025-07-26,April 2026 release,14.2742
2025-07-27,April 2026 release,14.2742
2025-07-28,April 2026 release,14.2742
2025-07-29,April 2026 release,14.2742
2025-07-30,April 2026 release,14.2742
2025-07-31,April 2026 release,14.2742
2025-08-01,April 2026 release,14.2742
2025-08-02,April 2026 release,14.2742
2025-08-03,April 2026 release,14.2742
2025-08-04,April 2026 release,14.2742
2025-08-05,April 2026 release,14.2742
2025-08-06,April 2026 release,14.2742
2025-08-07,April 2026 release,15.5807
2025-08-08,April 2026 release,15.5807
2025-08-09,April 2026 release,15.5807
2025-08-10,April 2026 release,15.5807
2025-08-11,April 2026 release,15.5807
2025-08-12,April 2026 release,15.5807
2025-08-13,April 2026 release,15.5807
2025-08-14,April 2026 release,15.5807
2025-08-15,April 2026 release,15.5807
2025-08-16,April 2026 release,15.5807
2025-08-17,April 2026 release,15.5807
2025-08-18,April 2026 release,15.5807
2025-08-19,April 2026 release,15.5807
2025-08-20,April 2026 release,16.1131
2025-08-21,April 2026 release,16.1131
2025-08-22,April 2026 release,16.1131
2025-08-23,April 2026 release,16.1131
2025-08-24,April 2026 release,16.1131
2025-08-25,April 2026 release,16.1131
2025-08-26,April 2026 release,16.1131
2025-08-27,April 2026 release,16.1131
2025-08-28,April 2026 release,16.1131
2025-08-29,April 2026 release,16.1131
2025-08-30,April 2026 release,16.1131
2025-08-31,April 2026 release,16.1131
2025-09-01,April 2026 release,16.1131
2025-09-02,April 2026 release,16.1131
2025-09-03,April 2026 release,16.1131
2025-09-04,April 2026 release,16.1131
2025-09-05,April 2026 release,16.1131
2025-09-06,April 2026 release,16.1131
2025-09-07,April 2026 release,16.1131
2025-09-08,April 2026 release,16.1131
2025-09-09,April 2026 release,16.1131
2025-09-10,April 2026 release,16.1131
2025-09-11,April 2026 release,16.1131
2025-09-12,April 2026 release,15.9168
2025-09-13,April 2026 release,15.9168
2025-09-14,April 2026 release,15.9168
2025-09-15,April 2026 release,15.9168
2025-09-16,April 2026 release,15.9168
2025-09-17,April 2026 release,15.9168
2025-09-18,April 2026 release,15.9168
2025-09-19,April 2026 release,15.6627
2025-09-20,April 2026 release,15.6627
2025-09-21,April 2026 release,15.6627
2025-09-22,April 2026 release,15.6627
2025-09-23,April 2026 release,15.6627
2025-09-24,April 2026 release,15.6627
2025-09-25,April 2026 release,15.6627
2025-09-26,April 2026 release,15.711400000000001
2025-09-27,April 2026 release,15.711400000000001
2025-09-28,April 2026 release,15.711400000000001
2025-09-29,April 2026 release,15.711400000000001
2025-09-30,April 2026 release,15.711400000000001
2025-10-01,April 2026 release,15.711400000000001
2025-10-02,April 2026 release,15.711400000000001
2025-10-03,April 2026 release,15.711400000000001
2025-10-04,April 2026 release,15.711400000000001
2025-10-05,April 2026 release,15.711400000000001
2025-10-06,April 2026 release,15.8773
2025-10-07,April 2026 release,15.8773
2025-10-08,April 2026 release,15.8773
2025-10-09,April 2026 release,15.8773
2025-10-10,April 2026 release,15.8773
2025-10-11,April 2026 release,15.8773
2025-10-12,April 2026 release,15.8773
2025-10-13,April 2026 release,15.8773
2025-10-14,April 2026 release,15.8773
2025-10-15,April 2026 release,14.5468
2025-10-16,April 2026 release,14.5468
2025-10-17,April 2026 release,14.5468
2025-10-18,April 2026 release,14.5468
2025-10-19,April 2026 release,14.5468
2025-10-20,April 2026 release,14.5468
2025-10-21,April 2026 release,14.5468
2025-10-22,April 2026 release,14.5468
2025-10-23,April 2026 release,14.5468
2025-10-24,April 2026 release,14.5468
2025-10-25,April 2026 release,14.5468
2025-10-26,April 2026 release,14.5468
2025-10-27,April 2026 release,14.5468
2025-10-28,April 2026 release,14.5468
2025-10-29,April 2026 release,14.5468
2025-10-30,April 2026 release,14.5468
2025-10-31,April 2026 release,14.5468
2025-11-01,April 2026 release,14.5468
2025-11-02,April 2026 release,14.5468
2025-11-03,April 2026 release,14.5468
2025-11-04,April 2026 release,14.5468
2025-11-05,April 2026 release,14.5468
2025-11-06,April 2026 release,14.5468
2025-11-07,April 2026 release,14.5468
2025-11-08,April 2026 release,14.5468
2025-11-09,April 2026 release,14.5468
2025-11-10,April 2026 release,14.5468
2025-11-11,April 2026 release,14.5468
2025-11-12,April 2026 release,14.5468
2025-11-13,April 2026 release,14.5468
2025-11-14,April 2026 release,14.5468
2025-11-15,April 2026 release,14.288
2025-11-16,April 2026 release,14.288
2025-11-17,April 2026 release,14.288
2025-11-18,April 2026 release,14.288
2025-11-19,April 2026 release,14.288
2025-11-20,April 2026 release,14.288
2025-11-21,April 2026 release,14.288
2025-11-22,April 2026 release,14.288
2025-11-23,April 2026 release,14.288
2025-11-24,April 2026 release,14.288
2025-11-25,April 2026 release,14.288
2025-11-26,April 2026 release,14.288
2025-11-27,April 2026 release,14.288
2025-11-28,April 2026 release,14.288
2025-11-29,April 2026 release,14.288
2025-11-30,April 2026 release,14.288
2025-12-01,April 2026 release,14.288
2025-12-02,April 2026 release,14.288
2025-12-03,April 2026 release,14.288
2025-12-04,April 2026 release,14.288
2025-12-05,April 2026 release,14.288
2025-12-06,April 2026 release,14.288
2025-12-07,April 2026 release,14.288
2025-12-08,April 2026 release,14.288
2025-12-09,April 2026 release,14.288
2025-12-10,April 2026 release,14.288
2025-12-11,April 2026 release,14.288
2025-12-12,April 2026 release,14.288
2025-12-13,April 2026 release,14.288
2025-12-14,April 2026 release,14.288
2025-12-15,April 2026 release,14.288
2025-12-16,April 2026 release,14.288
2025-12-17,April 2026 release,14.288
2025-12-18,April 2026 release,14.288
2025-12-19,April 2026 release,14.288
2025-12-20,April 2026 release,14.288
2025-12-21,April 2026 release,14.288
2025-12-22,April 2026 release,14.288
2025-12-23,April 2026 release,14.288
2025-12-24,April 2026 release,14.288
2025-12-25,April 2026 release,14.288
2025-12-26,April 2026 release,14.288
2025-12-27,April 2026 release,14.288
2025-12-28,April 2026 release,14.288
2025-12-29,April 2026 release,14.288
2025-12-30,April 2026 release,14.288
2025-12-31,April 2026 release,14.288
2026-01-01,April 2026 release,14.2879
2026-01-02,April 2026 release,14.2879
2026-01-03,April 2026 release,14.2879
2026-01-04,April 2026 release,14.2879
2026-01-05,April 2026 release,14.2879
2026-01-06,April 2026 release,14.2879
2026-01-07,April 2026 release,14.2879
2026-01-08,April 2026 release,14.2879
2026-01-09,April 2026 release,14.2879
2026-01-10,April 2026 release,14.2879
2026-01-11,April 2026 release,14.2879
2026-01-12,April 2026 release,14.2879
2026-01-13,April 2026 release,14.2879
2026-01-14,April 2026 release,14.2879
2026-01-15,April 2026 release,14.2879
2026-01-16,April 2026 release,14.2879
2026-01-17,April 2026 release,14.2879
2026-01-18,April 2026 release,14.2879
2026-01-19,April 2026 release,14.2879
2026-01-20,April 2026 release,14.2879
2026-01-21,April 2026 release,14.2879
2026-01-22,April 2026 release,14.2879
2026-01-23,April 2026 release,14.2879
2026-01-24,April 2026 release,14.2879
2026-01-25,April 2026 release,14.2879
2026-01-26,April 2026 release,14.2879
2026-01-27,April 2026 release,14.2879
2026-01-28,April 2026 release,14.2879
2026-01-29,April 2026 release,14.2879
2026-01-30,April 2026 release,13.9041
2026-01-31,April 2026 release,13.9041
2026-02-01,April 2026 release,13.9041
2026-02-02,April 2026 release,13.9041
2026-02-03,April 2026 release,13.9041
2026-02-04,April 2026 release,13.9041
2026-02-05,April 2026 release,13.9041
2026-02-06,April 2026 release,13.9041
2026-02-07,April 2026 release,13.9041
2026-02-08,April 2026 release,13.9041
2026-02-09,April 2026 release,13.9041
2026-02-10,April 2026 release,13.9041
2026-02-11,April 2026 release,13.9041
2026-02-12,April 2026 release,13.655099999999997
2026-02-13,April 2026 release,13.655099999999997
2026-02-14,April 2026 release,13.655099999999997
2026-02-15,April 2026 release,13.655099999999997
2026-02-16,April 2026 release,13.655099999999997
2026-02-17,April 2026 release,13.655099999999997
2026-02-18,April 2026 release,13.655099999999997
2026-02-19,April 2026 release,13.655099999999997
2026-02-20,April 2026 release,13.655099999999997
2026-02-21,April 2026 release,13.655099999999997
2026-02-22,April 2026 release,13.655099999999997
2026-02-23,April 2026 release,13.655099999999997
2026-02-24,April 2026 release,11.1203
2026-02-25,April 2026 release,11.1203
2026-02-26,April 2026 release,11.1203
2026-02-27,April 2026 release,11.1203
2026-02-28,April 2026 release,11.1203
2026-03-01,April 2026 release,11.1203
2026-03-02,April 2026 release,11.1203
2026-03-03,April 2026 release,11.1203
2026-03-04,April 2026 release,11.1203
2026-03-05,April 2026 release,11.1203
2026-03-06,April 2026 release,11.1203
2026-03-07,April 2026 release,11.1203
2026-03-08,April 2026 release,11.1203
2026-03-09,April 2026 release,11.1203
2026-03-10,April 2026 release,11.1203
2026-03-11,April 2026 release,11.1203
2026-03-12,April 2026 release,11.1203
2026-03-13,April 2026 release,11.1203
2026-03-14,April 2026 release,11.1203
2026-03-15,April 2026 release,11.1203
2026-03-16,April 2026 release,11.1203
2026-03-17,April 2026 release,11.1203
2026-03-18,April 2026 release,11.1203
2026-03-19,April 2026 release,11.1203
2026-03-20,April 2026 release,11.1203
2026-03-21,April 2026 release,11.1203
2026-03-22,April 2026 release,11.1203
2026-03-23,April 2026 release,11.1203
2026-03-24,April 2026 release,11.1203
2026-03-25,April 2026 release,11.1203
2026-03-26,April 2026 release,11.1203
2026-03-27,April 2026 release,11.1203
2026-03-28,April 2026 release,11.1203
2026-03-29,April 2026 release,11.1203
2026-03-30,April 2026 release,11.1203
2026-03-31,April 2026 release,11.1203
2026-04-01,April 2026 release,11.1203
2026-04-02,April 2026 release,11.1203
2026-04-03,April 2026 release,11.1203
2026-04-04,April 2026 release,11.1203
2026-04-05,April 2026 release,11.1203
2026-04-06,April 2026 release,11.1203
2026-04-07,April 2026 release,11.1203
2026-04-08,April 2026 release,11.1203
2026-04-09,April 2026 release,11.1203
2026-04-10,April 2026 release,11.1203
2026-04-11,April 2026 release,11.1203
2026-04-12,April 2026 release,11.1203
2026-04-13,April 2026 release,11.1203
2026-04-14,April 2026 release,11.1203
2026-04-15,April 2026 release,11.1203
2026-04-16,April 2026 release,11.1203
2026-04-17,April 2026 release,11.1203
2026-04-18,April 2026 release,11.1203
2026-04-19,April 2026 release,11.1203
2026-04-20,April 2026 release,11.1203
2026-04-21,April 2026 release,11.1203
2026-04-22,April 2026 release,11.1203
2026-04-23,April 2026 release,11.1203
2026-04-24,April 2026 release,11.1203
2026-04-25,April 2026 release,11.1203
2026-04-26,April 2026 release,11.1203
2026-04-27,April 2026 release,11.1203
2026-04-28,April 2026 release,11.1203
2026-04-29,April 2026 release,11.1203
2026-04-30,April 2026 release,11.1203
2026-05-01,April 2026 release,11.1203
2026-05-02,April 2026 release,11.1203
2026-05-03,April 2026 release,11.1203
2026-05-04,April 2026 release,11.1203
2026-05-05,April 2026 release,11.1203
2026-05-06,April 2026 release,11.1203
2026-05-07,April 2026 release,11.1203
2026-05-08,April 2026 release,11.1203
2026-05-09,April 2026 release,11.1203
2026-05-10,April 2026 release,11.1203
2026-05-11,April 2026 release,11.1203
2026-05-12,April 2026 release,11.1203
2026-05-13,April 2026 release,11.1203
2026-05-14,April 2026 release,11.1203
2026-05-15,April 2026 release,11.1203
2026-05-16,April 2026 release,11.1203
2026-05-17,April 2026 release,11.1203
2026-05-18,April 2026 release,11.1203
2026-05-19,April 2026 release,11.1203
2026-05-20,April 2026 release,11.1203
2026-05-21,April 2026 release,11.1203
2026-05-22,April 2026 release,11.1203
2026-05-23,April 2026 release,11.1203
2026-05-24,April 2026 release,11.1203
2026-05-25,April 2026 release,11.1203
2026-05-26,April 2026 release,11.1203
2026-05-27,April 2026 release,11.1203
2026-05-28,April 2026 release,11.1203
2026-05-29,April 2026 release,11.1203
2026-05-30,April 2026 release,11.1203
2026-05-31,April 2026 release,11.1203
2026-06-01,April 2026 release,11.1203
2026-06-02,April 2026 release,11.1203
2026-06-03,April 2026 release,11.1203
2026-06-04,April 2026 release,11.1203
2026-06-05,April 2026 release,11.1203
2026-06-06,April 2026 release,11.1203
2026-06-07,April 2026 release,11.1203
2026-06-08,April 2026 release,11.1203
2026-06-09,April 2026 release,11.1203
2026-06-10,April 2026 release,11.1203
2026-06-11,April 2026 release,11.1203
2026-06-12,April 2026 release,11.1203
2026-06-13,April 2026 release,11.1203
2026-06-14,April 2026 release,11.1203
2026-06-15,April 2026 release,11.1203
2026-06-16,April 2026 release,11.1203
2026-06-17,April 2026 release,11.1203
2026-06-18,April 2026 release,11.1203
2026-06-19,April 2026 release,11.1203
2026-06-20,April 2026 release,11.1203
2026-06-21,April 2026 release,11.1203
2026-06-22,April 2026 release,11.1203
2026-06-23,April 2026 release,11.1203
2026-06-24,April 2026 release,11.1203
2026-06-25,April 2026 release,11.1203
2026-06-26,April 2026 release,11.1203
2026-06-27,April 2026 release,11.1203
2026-06-28,April 2026 release,11.1203
2026-06-29,April 2026 release,11.1203
2026-06-30,April 2026 release,11.1203
2026-07-01,April 2026 release,11.1203
2026-07-02,April 2026 release,11.1203
2026-07-03,April 2026 release,11.1203
2026-07-04,April 2026 release,11.1203
2026-07-05,April 2026 release,11.1203
2026-07-06,April 2026 release,11.1203
2026-07-07,April 2026 release,11.1203
2026-07-08,April 2026 release,11.1203
2026-07-09,April 2026 release,11.1203
2026-07-10,April 2026 release,11.1203
2026-07-11,April 2026 release,11.1203
2026-07-12,April 2026 release,11.1203
2026-07-13,April 2026 release,11.1203
2026-07-14,April 2026 release,11.1203
2026-07-15,April 2026 release,11.1203
2026-07-16,April 2026 release,11.1203
2026-07-17,April 2026 release,11.1203
2026-07-18,April 2026 release,11.1203
2026-07-19,April 2026 release,11.1203
2026-07-20,April 2026 release,11.1203
2026-07-21,April 2026 release,11.1203
2026-07-22,April 2026 release,11.1203
2026-07-23,April 2026 release,11.1203
2026-07-24,April 2026 release,8.2752
2026-07-25,April 2026 release,8.2752
2026-07-26,April 2026 release,8.2752
2026-07-27,April 2026 release,8.2752
2026-07-28,April 2026 release,8.2752
2026-07-29,April 2026 release,8.2752
2026-07-30,April 2026 release,8.2752
2026-07-31,April 2026 release,8.2752
2026-08-01,April 2026 release,8.2752
2026-08-02,April 2026 release,8.2752
2026-08-03,April 2026 release,8.2752
2026-08-04,April 2026 release,8.2752
2026-08-05,April 2026 release,8.2752
2026-08-06,April 2026 release,8.2752
2026-08-07,April 2026 release,8.2752
2026-08-08,April 2026 release,8.2752
2026-08-09,April 2026 release,8.2752
2026-08-10,April 2026 release,8.2752
2026-08-11,April 2026 release,8.2752
2026-08-12,April 2026 release,8.2752
2026-08-13,April 2026 release,8.2752
2026-08-14,April 2026 release,8.2752
2026-08-15,April 2026 release,8.2752
2026-08-16,April 2026 release,8.2752
2026-08-17,April 2026 release,8.2752
2026-08-18,April 2026 release,8.2752
2026-08-19,April 2026 release,8.2752
2026-08-20,April 2026 release,8.2752
2026-08-21,April 2026 release,8.2752
2026-08-22,April 2026 release,8.2752
2026-08-23,April 2026 release,8.2752
2026-08-24,April 2026 release,8.2752
2026-08-25,April 2026 release,8.2752
2026-08-26,April 2026 release,8.2752
2026-08-27,April 2026 release,8.2752
2026-08-28,April 2026 release,8.2752
2026-08-29,April 2026 release,8.2752
2026-08-30,April 2026 release,8.2752
2026-08-31,April 2026 release,8.2752
2026-09-01,April 2026 release,8.2752
2026-09-02,April 2026 release,8.2752
2026-09-03,April 2026 release,8.2752
2026-09-04,April 2026 release,8.2752
2026-09-05,April 2026 release,8.2752
2026-09-06,April 2026 release,8.2752
2026-09-07,April 2026 release,8.2752
2026-09-08,April 2026 release,8.2752
2026-09-09,April 2026 release,8.2752
2026-09-10,April 2026 release,8.2752
2026-09-11,April 2026 release,8.2752
2026-09-12,April 2026 release,8.2752
2026-09-13,April 2026 release,8.2752
2026-09-14,April 2026 release,8.2752
2026-09-15,April 2026 release,8.2752
2026-09-16,April 2026 release,8.2752
2026-09-17,April 2026 release,8.2752
2026-09-18,April 2026 release,8.2752
2026-09-19,April 2026 release,8.2752
2026-09-20,April 2026 release,8.2752
2026-09-21,April 2026 release,8.2752
2026-09-22,April 2026 release,8.2752
2026-09-23,April 2026 release,8.2752
2026-09-24,April 2026 release,8.2752
2026-09-25,April 2026 release,8.2752
2026-09-26,April 2026 release,8.2752
2026-09-27,April 2026 release,8.2752
2026-09-28,April 2026 release,8.2752
2026-09-29,April 2026 release,8.2752
2026-09-30,April 2026 release,8.2752
2026-10-01,April 2026 release,8.2752
2026-10-02,April 2026 release,8.2752
2026-10-03,April 2026 release,8.2752
2026-10-04,April 2026 release,8.2752
2026-10-05,April 2026 release,8.2752
2026-10-06,April 2026 release,8.2752
2026-10-07,April 2026 release,8.2752
2026-10-08,April 2026 release,8.2752
2026-10-09,April 2026 release,8.2752
2026-10-10,April 2026 release,8.2752
2026-10-11,April 2026 release,8.2752
2026-10-12,April 2026 release,8.2752
2026-10-13,April 2026 release,8.2752
2026-10-14,April 2026 release,8.2752
2026-10-15,April 2026 release,8.2752
2026-10-16,April 2026 release,8.2752
2026-10-17,April 2026 release,8.2752
2026-10-18,April 2026 release,8.2752
2026-10-19,April 2026 release,8.2752
2026-10-20,April 2026 release,8.2752
2026-10-21,April 2026 release,8.2752
2026-10-22,April 2026 release,8.2752
2026-10-23,April 2026 release,8.2752
2026-10-24,April 2026 release,8.2752
2026-10-25,April 2026 release,8.2752
2026-10-26,April 2026 release,8.2752
2026-10-27,April 2026 release,8.2752
2026-10-28,April 2026 release,8.2752
2026-10-29,April 2026 release,8.2752
2026-10-30,April 2026 release,8.2752
2026-10-31,April 2026 release,8.2752
2026-11-01,April 2026 release,8.2752
2026-11-02,April 2026 release,8.2752
2026-11-03,April 2026 release,8.2752
2026-11-04,April 2026 release,8.2752
2026-11-05,April 2026 release,8.2752
2026-11-06,April 2026 release,8.2752
2026-11-07,April 2026 release,8.2752
2026-11-08,April 2026 release,8.2752
2026-11-09,April 2026 release,8.2752
2026-11-10,April 2026 release,8.2752
2026-11-11,April 2026 release,8.2752
2026-11-12,April 2026 release,8.2752
2026-11-13,April 2026 release,8.2752
2026-11-14,April 2026 release,8.2752
2026-11-15,April 2026 release,8.2752
2026-11-16,April 2026 release,8.2752
2026-11-17,April 2026 release,8.2752
2026-11-18,April 2026 release,8.2752
2026-11-19,April 2026 release,8.2752
2026-11-20,April 2026 release,8.2752
2026-11-21,April 2026 release,8.2752
2026-11-22,April 2026 release,8.2752
2026-11-23,April 2026 release,8.2752
2026-11-24,April 2026 release,8.2752
2026-11-25,April 2026 release,8.2752
2026-11-26,April 2026 release,8.2752
2026-11-27,April 2026 release,8.2752
2026-11-28,April 2026 release,8.2752
2026-11-29,April 2026 release,8.2752
2026-11-30,April 2026 release,8.2752
2026-12-01,April 2026 release,8.2752
2026-12-02,April 2026 release,8.2752
2026-12-03,April 2026 release,8.2752
2026-12-04,April 2026 release,8.2752
2026-12-05,April 2026 release,8.2752
2026-12-06,April 2026 release,8.2752
2026-12-07,April 2026 release,8.2752
2026-12-08,April 2026 release,8.2752
2026-12-09,April 2026 release,8.2752
2026-12-10,April 2026 release,8.2752
2026-12-11,April 2026 release,8.2752
2026-12-12,April 2026 release,8.2752
2026-12-13,April 2026 release,8.2752
2026-12-14,April 2026 release,8.2752
2026-12-15,April 2026 release,8.2752
2026-12-16,April 2026 release,8.2752
2026-12-17,April 2026 release,8.2752
2026-12-18,April 2026 release,8.2752
2026-12-19,April 2026 release,8.2752
2026-12-20,April 2026 release,8.2752
2026-12-21,April 2026 release,8.2752
2026-12-22,April 2026 release,8.2752
2026-12-23,April 2026 release,8.2752
2026-12-24,April 2026 release,8.2752
2026-12-25,April 2026 release,8.2752
2026-12-26,April 2026 release,8.2752
2026-12-27,April 2026 release,8.2752
2026-12-28,April 2026 release,8.2752
2026-12-29,April 2026 release,8.2752
2026-12-30,April 2026 release,8.2752
2026-12-31,April 2026 release,8.2752
2025-01-01,"July 2026 (current, incl. new Sec. 301)",2.675227301543713
2025-01-02,"July 2026 (current, incl. new Sec. 301)",2.675227301543713
2025-01-03,"July 2026 (current, incl. new Sec. 301)",2.675227301543713
2025-01-04,"July 2026 (current, incl. new Sec. 301)",2.675227301543713
2025-01-05,"July 2026 (current, incl. new Sec. 301)",2.675227301543713
2025-01-06,"July 2026 (current, incl. new Sec. 301)",2.675227301543713
2025-01-07,"July 2026 (current, incl. new Sec. 301)",2.675227301543713
2025-01-08,"July 2026 (current, incl. new Sec. 301)",2.675227301543713
2025-01-09,"July 2026 (current, incl. new Sec. 301)",2.675227301543713
2025-01-10,"July 2026 (current, incl. new Sec. 301)",2.675227301543713
2025-01-11,"July 2026 (current, incl. new Sec. 301)",2.675227301543713
2025-01-12,"July 2026 (current, incl. new Sec. 301)",2.675227301543713
2025-01-13,"July 2026 (current, incl. new Sec. 301)",2.675227301543713
2025-01-14,"July 2026 (current, incl. new Sec. 301)",2.675227301543713
2025-01-15,"July 2026 (current, incl. new Sec. 301)",2.675227301543713
2025-01-16,"July 2026 (current, incl. new Sec. 301)",2.675227301543713
2025-01-17,"July 2026 (current, incl. new Sec. 301)",2.675227301543713
2025-01-18,"July 2026 (current, incl. new Sec. 301)",2.675227301543713
2025-01-19,"July 2026 (current, incl. new Sec. 301)",2.675227301543713
2025-01-20,"July 2026 (current, incl. new Sec. 301)",2.675227301543713
2025-01-21,"July 2026 (current, incl. new Sec. 301)",2.675227301543713
2025-01-22,"July 2026 (current, incl. new Sec. 301)",2.675227301543713
2025-01-23,"July 2026 (current, incl. new Sec. 301)",2.675227301543713
2025-01-24,"July 2026 (current, incl. new Sec. 301)",2.675227301543713
2025-01-25,"July 2026 (current, incl. new Sec. 301)",2.675227301543713
2025-01-26,"July 2026 (current, incl. new Sec. 301)",2.675227301543713
2025-01-27,"July 2026 (current, incl. new Sec. 301)",2.675227301543713
2025-01-28,"July 2026 (current, incl. new Sec. 301)",2.675227301543713
2025-01-29,"July 2026 (current, incl. new Sec. 301)",2.675227301543713
2025-01-30,"July 2026 (current, incl. new Sec. 301)",2.675227301543713
2025-01-31,"July 2026 (current, incl. new Sec. 301)",2.675227301543713
2025-02-01,"July 2026 (current, incl. new Sec. 301)",2.675227301543713
2025-02-02,"July 2026 (current, incl. new Sec. 301)",2.675227301543713
2025-02-03,"July 2026 (current, incl. new Sec. 301)",2.675227301543713
2025-02-04,"July 2026 (current, incl. new Sec. 301)",4.021755261255201
2025-02-05,"July 2026 (current, incl. new Sec. 301)",4.021755261255201
2025-02-06,"July 2026 (current, incl. new Sec. 301)",4.021755261255201
2025-02-07,"July 2026 (current, incl. new Sec. 301)",4.021755261255201
2025-02-08,"July 2026 (current, incl. new Sec. 301)",4.021755261255201
2025-02-09,"July 2026 (current, incl. new Sec. 301)",4.021755261255201
2025-02-10,"July 2026 (current, incl. new Sec. 301)",4.021755261255201
2025-02-11,"July 2026 (current, incl. new Sec. 301)",4.021755261255201
2025-02-12,"July 2026 (current, incl. new Sec. 301)",4.021755261255201
2025-02-13,"July 2026 (current, incl. new Sec. 301)",4.021755261255201
2025-02-14,"July 2026 (current, incl. new Sec. 301)",4.021755261255201
2025-02-15,"July 2026 (current, incl. new Sec. 301)",4.021755261255201
2025-02-16,"July 2026 (current, incl. new Sec. 301)",4.021755261255201
2025-02-17,"July 2026 (current, incl. new Sec. 301)",4.021755261255201
2025-02-18,"July 2026 (current, incl. new Sec. 301)",4.021755261255201
2025-02-19,"July 2026 (current, incl. new Sec. 301)",4.021755261255201
2025-02-20,"July 2026 (current, incl. new Sec. 301)",4.021755261255201
2025-02-21,"July 2026 (current, incl. new Sec. 301)",4.021755261255201
2025-02-22,"July 2026 (current, incl. new Sec. 301)",4.021755261255201
2025-02-23,"July 2026 (current, incl. new Sec. 301)",4.021755261255201
2025-02-24,"July 2026 (current, incl. new Sec. 301)",4.021755261255201
2025-02-25,"July 2026 (current, incl. new Sec. 301)",4.021755261255201
2025-02-26,"July 2026 (current, incl. new Sec. 301)",4.021755261255201
2025-02-27,"July 2026 (current, incl. new Sec. 301)",4.021755261255201
2025-02-28,"July 2026 (current, incl. new Sec. 301)",4.021755261255201
2025-03-01,"July 2026 (current, incl. new Sec. 301)",4.021755261255201
2025-03-02,"July 2026 (current, incl. new Sec. 301)",4.021755261255201
2025-03-03,"July 2026 (current, incl. new Sec. 301)",4.021755261255201
2025-03-04,"July 2026 (current, incl. new Sec. 301)",6.011425905424591
2025-03-05,"July 2026 (current, incl. new Sec. 301)",6.011425905424591
2025-03-06,"July 2026 (current, incl. new Sec. 301)",6.011425905424591
2025-03-07,"July 2026 (current, incl. new Sec. 301)",6.112361329149728
2025-03-08,"July 2026 (current, incl. new Sec. 301)",6.112361329149728
2025-03-09,"July 2026 (current, incl. new Sec. 301)",6.112361329149728
2025-03-10,"July 2026 (current, incl. new Sec. 301)",6.112361329149728
2025-03-11,"July 2026 (current, incl. new Sec. 301)",6.112361329149728
2025-03-12,"July 2026 (current, incl. new Sec. 301)",6.737639989293617
2025-03-13,"July 2026 (current, incl. new Sec. 301)",6.737639989293617
2025-03-14,"July 2026 (current, incl. new Sec. 301)",6.745381912303515
2025-03-15,"July 2026 (current, incl. new Sec. 301)",6.745381912303515
2025-03-16,"July 2026 (current, incl. new Sec. 301)",6.745381912303515
2025-03-17,"July 2026 (current, incl. new Sec. 301)",6.745381912303515
2025-03-18,"July 2026 (current, incl. new Sec. 301)",6.745381912303515
2025-03-19,"July 2026 (current, incl. new Sec. 301)",6.745381912303515
2025-03-20,"July 2026 (current, incl. new Sec. 301)",6.745381912303515
2025-03-21,"July 2026 (current, incl. new Sec. 301)",6.745381912303515
2025-03-22,"July 2026 (current, incl. new Sec. 301)",6.745381912303515
2025-03-23,"July 2026 (current, incl. new Sec. 301)",6.745381912303515
2025-03-24,"July 2026 (current, incl. new Sec. 301)",6.745381912303515
2025-03-25,"July 2026 (current, incl. new Sec. 301)",6.745381912303515
2025-03-26,"July 2026 (current, incl. new Sec. 301)",6.745381912303515
2025-03-27,"July 2026 (current, incl. new Sec. 301)",6.745381912303515
2025-03-28,"July 2026 (current, incl. new Sec. 301)",6.745381912303515
2025-03-29,"July 2026 (current, incl. new Sec. 301)",6.745381912303515
2025-03-30,"July 2026 (current, incl. new Sec. 301)",6.745381912303515
2025-03-31,"July 2026 (current, incl. new Sec. 301)",6.745381912303515
2025-04-01,"July 2026 (current, incl. new Sec. 301)",6.745381912303515
2025-04-02,"July 2026 (current, incl. new Sec. 301)",6.745381912303515
2025-04-03,"July 2026 (current, incl. new Sec. 301)",8.316534428355627
2025-04-04,"July 2026 (current, incl. new Sec. 301)",8.316534428355627
2025-04-05,"July 2026 (current, incl. new Sec. 301)",14.59617439840524
2025-04-06,"July 2026 (current, incl. new Sec. 301)",14.59617439840524
2025-04-07,"July 2026 (current, incl. new Sec. 301)",14.59617439840524
2025-04-08,"July 2026 (current, incl. new Sec. 301)",14.59617439840524
2025-04-09,"July 2026 (current, incl. new Sec. 301)",19.17494725075858
2025-04-10,"July 2026 (current, incl. new Sec. 301)",22.926240641347334
2025-04-11,"July 2026 (current, incl. new Sec. 301)",22.926240641347334
2025-04-12,"July 2026 (current, incl. new Sec. 301)",22.926240641347334
2025-04-13,"July 2026 (current, incl. new Sec. 301)",22.926240641347334
2025-04-14,"July 2026 (current, incl. new Sec. 301)",22.926240641347334
2025-04-15,"July 2026 (current, incl. new Sec. 301)",22.91849871833744
2025-04-16,"July 2026 (current, incl. new Sec. 301)",22.91849871833744
2025-04-17,"July 2026 (current, incl. new Sec. 301)",22.91849871833744
2025-04-18,"July 2026 (current, incl. new Sec. 301)",22.91849871833744
2025-04-19,"July 2026 (current, incl. new Sec. 301)",22.91849871833744
2025-04-20,"July 2026 (current, incl. new Sec. 301)",22.91849871833744
2025-04-21,"July 2026 (current, incl. new Sec. 301)",22.91849871833744
2025-04-22,"July 2026 (current, incl. new Sec. 301)",22.91849871833744
2025-04-23,"July 2026 (current, incl. new Sec. 301)",22.91849871833744
2025-04-24,"July 2026 (current, incl. new Sec. 301)",22.91849871833744
2025-04-25,"July 2026 (current, incl. new Sec. 301)",22.91849871833744
2025-04-26,"July 2026 (current, incl. new Sec. 301)",22.91849871833744
2025-04-27,"July 2026 (current, incl. new Sec. 301)",22.91849871833744
2025-04-28,"July 2026 (current, incl. new Sec. 301)",22.91849871833744
2025-04-29,"July 2026 (current, incl. new Sec. 301)",22.91849871833744
2025-04-30,"July 2026 (current, incl. new Sec. 301)",22.91849871833744
2025-05-01,"July 2026 (current, incl. new Sec. 301)",22.91849871833744
2025-05-02,"July 2026 (current, incl. new Sec. 301)",22.91849871833744
2025-05-03,"July 2026 (current, incl. new Sec. 301)",22.27463560937726
2025-05-04,"July 2026 (current, incl. new Sec. 301)",22.27463560937726
2025-05-05,"July 2026 (current, incl. new Sec. 301)",22.27463560937726
2025-05-06,"July 2026 (current, incl. new Sec. 301)",22.27463560937726
2025-05-07,"July 2026 (current, incl. new Sec. 301)",22.27463560937726
2025-05-08,"July 2026 (current, incl. new Sec. 301)",22.27463560937726
2025-05-09,"July 2026 (current, incl. new Sec. 301)",22.27463560937726
2025-05-10,"July 2026 (current, incl. new Sec. 301)",22.27463560937726
2025-05-11,"July 2026 (current, incl. new Sec. 301)",22.27463560937726
2025-05-12,"July 2026 (current, incl. new Sec. 301)",22.27463560937726
2025-05-13,"July 2026 (current, incl. new Sec. 301)",22.27463560937726
2025-05-14,"July 2026 (current, incl. new Sec. 301)",12.86633662463955
2025-05-15,"July 2026 (current, incl. new Sec. 301)",12.86633662463955
2025-05-16,"July 2026 (current, incl. new Sec. 301)",12.86633662463955
2025-05-17,"July 2026 (current, incl. new Sec. 301)",12.86633662463955
2025-05-18,"July 2026 (current, incl. new Sec. 301)",12.86633662463955
2025-05-19,"July 2026 (current, incl. new Sec. 301)",12.86633662463955
2025-05-20,"July 2026 (current, incl. new Sec. 301)",12.86633662463955
2025-05-21,"July 2026 (current, incl. new Sec. 301)",12.86633662463955
2025-05-22,"July 2026 (current, incl. new Sec. 301)",12.86633662463955
2025-05-23,"July 2026 (current, incl. new Sec. 301)",12.86633662463955
2025-05-24,"July 2026 (current, incl. new Sec. 301)",12.86633662463955
2025-05-25,"July 2026 (current, incl. new Sec. 301)",12.86633662463955
2025-05-26,"July 2026 (current, incl. new Sec. 301)",12.86633662463955
2025-05-27,"July 2026 (current, incl. new Sec. 301)",12.86633662463955
2025-05-28,"July 2026 (current, incl. new Sec. 301)",12.86633662463955
2025-05-29,"July 2026 (current, incl. new Sec. 301)",12.86633662463955
2025-05-30,"July 2026 (current, incl. new Sec. 301)",12.86633662463955
2025-05-31,"July 2026 (current, incl. new Sec. 301)",12.86633662463955
2025-06-01,"July 2026 (current, incl. new Sec. 301)",12.933546202381455
2025-06-02,"July 2026 (current, incl. new Sec. 301)",12.933546202381455
2025-06-03,"July 2026 (current, incl. new Sec. 301)",12.933546202381455
2025-06-04,"July 2026 (current, incl. new Sec. 301)",13.7867352711173
2025-06-05,"July 2026 (current, incl. new Sec. 301)",13.7867352711173
2025-06-06,"July 2026 (current, incl. new Sec. 301)",13.7867352711173
2025-06-07,"July 2026 (current, incl. new Sec. 301)",13.7867352711173
2025-06-08,"July 2026 (current, incl. new Sec. 301)",13.7867352711173
2025-06-09,"July 2026 (current, incl. new Sec. 301)",13.7867352711173
2025-06-10,"July 2026 (current, incl. new Sec. 301)",13.7867352711173
2025-06-11,"July 2026 (current, incl. new Sec. 301)",13.7867352711173
2025-06-12,"July 2026 (current, incl. new Sec. 301)",13.7867352711173
2025-06-13,"July 2026 (current, incl. new Sec. 301)",13.7867352711173
2025-06-14,"July 2026 (current, incl. new Sec. 301)",13.7867352711173
2025-06-15,"July 2026 (current, incl. new Sec. 301)",13.7867352711173
2025-06-16,"July 2026 (current, incl. new Sec. 301)",13.7867352711173
2025-06-17,"July 2026 (current, incl. new Sec. 301)",13.7867352711173
2025-06-18,"July 2026 (current, incl. new Sec. 301)",13.7867352711173
2025-06-19,"July 2026 (current, incl. new Sec. 301)",13.7867352711173
2025-06-20,"July 2026 (current, incl. new Sec. 301)",13.7867352711173
2025-06-21,"July 2026 (current, incl. new Sec. 301)",13.7867352711173
2025-06-22,"July 2026 (current, incl. new Sec. 301)",13.7867352711173
2025-06-23,"July 2026 (current, incl. new Sec. 301)",13.7944771941272
2025-06-24,"July 2026 (current, incl. new Sec. 301)",13.7944771941272
2025-06-25,"July 2026 (current, incl. new Sec. 301)",13.7944771941272
2025-06-26,"July 2026 (current, incl. new Sec. 301)",13.7944771941272
2025-06-27,"July 2026 (current, incl. new Sec. 301)",13.7944771941272
2025-06-28,"July 2026 (current, incl. new Sec. 301)",13.7944771941272
2025-06-29,"July 2026 (current, incl. new Sec. 301)",13.7944771941272
2025-06-30,"July 2026 (current, incl. new Sec. 301)",13.7944771941272
2025-07-01,"July 2026 (current, incl. new Sec. 301)",13.731301311057823
2025-07-02,"July 2026 (current, incl. new Sec. 301)",13.731301311057823
2025-07-03,"July 2026 (current, incl. new Sec. 301)",13.731301311057823
2025-07-04,"July 2026 (current, incl. new Sec. 301)",13.731301311057823
2025-07-05,"July 2026 (current, incl. new Sec. 301)",13.731301311057823
2025-07-06,"July 2026 (current, incl. new Sec. 301)",13.731301311057823
2025-07-07,"July 2026 (current, incl. new Sec. 301)",13.731301311057823
2025-07-08,"July 2026 (current, incl. new Sec. 301)",13.731301311057823
2025-07-09,"July 2026 (current, incl. new Sec. 301)",13.731301311057823
2025-07-10,"July 2026 (current, incl. new Sec. 301)",13.731301311057823
2025-07-11,"July 2026 (current, incl. new Sec. 301)",13.731301311057823
2025-07-12,"July 2026 (current, incl. new Sec. 301)",13.731301311057823
2025-07-13,"July 2026 (current, incl. new Sec. 301)",13.731301311057823
2025-07-14,"July 2026 (current, incl. new Sec. 301)",13.731301311057823
2025-07-15,"July 2026 (current, incl. new Sec. 301)",13.731301311057823
2025-07-16,"July 2026 (current, incl. new Sec. 301)",13.731301311057823
2025-07-17,"July 2026 (current, incl. new Sec. 301)",13.731301311057823
2025-07-18,"July 2026 (current, incl. new Sec. 301)",13.731301311057823
2025-07-19,"July 2026 (current, incl. new Sec. 301)",13.731301311057823
2025-07-20,"July 2026 (current, incl. new Sec. 301)",13.731301311057823
2025-07-21,"July 2026 (current, incl. new Sec. 301)",13.731301311057823
2025-07-22,"July 2026 (current, incl. new Sec. 301)",13.731301311057823
2025-07-23,"July 2026 (current, incl. new Sec. 301)",13.731301311057823
2025-07-24,"July 2026 (current, incl. new Sec. 301)",13.731301311057823
2025-07-25,"July 2026 (current, incl. new Sec. 301)",13.731301311057823
2025-07-26,"July 2026 (current, incl. new Sec. 301)",13.731301311057823
2025-07-27,"July 2026 (current, incl. new Sec. 301)",13.731301311057823
2025-07-28,"July 2026 (current, incl. new Sec. 301)",13.731301311057823
2025-07-29,"July 2026 (current, incl. new Sec. 301)",13.731301311057823
2025-07-30,"July 2026 (current, incl. new Sec. 301)",13.731301311057823
2025-07-31,"July 2026 (current, incl. new Sec. 301)",13.731301311057823
2025-08-01,"July 2026 (current, incl. new Sec. 301)",13.942753595664822
2025-08-02,"July 2026 (current, incl. new Sec. 301)",13.942753595664822
2025-08-03,"July 2026 (current, incl. new Sec. 301)",13.942753595664822
2025-08-04,"July 2026 (current, incl. new Sec. 301)",13.942753595664822
2025-08-05,"July 2026 (current, incl. new Sec. 301)",13.942753595664822
2025-08-06,"July 2026 (current, incl. new Sec. 301)",13.942753595664822
2025-08-07,"July 2026 (current, incl. new Sec. 301)",16.049548396650287
2025-08-08,"July 2026 (current, incl. new Sec. 301)",16.049548396650287
2025-08-09,"July 2026 (current, incl. new Sec. 301)",16.049548396650287
2025-08-10,"July 2026 (current, incl. new Sec. 301)",16.049548396650287
2025-08-11,"July 2026 (current, incl. new Sec. 301)",16.049548396650287
2025-08-12,"July 2026 (current, incl. new Sec. 301)",16.049548396650287
2025-08-13,"July 2026 (current, incl. new Sec. 301)",16.049548396650287
2025-08-14,"July 2026 (current, incl. new Sec. 301)",16.049548396650287
2025-08-15,"July 2026 (current, incl. new Sec. 301)",16.049548396650287
2025-08-16,"July 2026 (current, incl. new Sec. 301)",16.049548396650287
2025-08-17,"July 2026 (current, incl. new Sec. 301)",16.049548396650287
2025-08-18,"July 2026 (current, incl. new Sec. 301)",16.66249882872954
2025-08-19,"July 2026 (current, incl. new Sec. 301)",16.66249882872954
2025-08-20,"July 2026 (current, incl. new Sec. 301)",16.66249882872954
2025-08-21,"July 2026 (current, incl. new Sec. 301)",16.66249882872954
2025-08-22,"July 2026 (current, incl. new Sec. 301)",16.66249882872954
2025-08-23,"July 2026 (current, incl. new Sec. 301)",16.66249882872954
2025-08-24,"July 2026 (current, incl. new Sec. 301)",16.66249882872954
2025-08-25,"July 2026 (current, incl. new Sec. 301)",16.66249882872954
2025-08-26,"July 2026 (current, incl. new Sec. 301)",16.66249882872954
2025-08-27,"July 2026 (current, incl. new Sec. 301)",17.07197936602046
2025-08-28,"July 2026 (current, incl. new Sec. 301)",17.07197936602046
2025-08-29,"July 2026 (current, incl. new Sec. 301)",17.07197936602046
2025-08-30,"July 2026 (current, incl. new Sec. 301)",17.07197936602046
2025-08-31,"July 2026 (current, incl. new Sec. 301)",17.07197936602046
2025-09-01,"July 2026 (current, incl. new Sec. 301)",17.13918894376237
2025-09-02,"July 2026 (current, incl. new Sec. 301)",17.07197936602046
2025-09-03,"July 2026 (current, incl. new Sec. 301)",17.07197936602046
2025-09-04,"July 2026 (current, incl. new Sec. 301)",17.07197936602046
2025-09-05,"July 2026 (current, incl. new Sec. 301)",17.07197936602046
2025-09-06,"July 2026 (current, incl. new Sec. 301)",17.07197936602046
2025-09-07,"July 2026 (current, incl. new Sec. 301)",17.07197936602046
2025-09-08,"July 2026 (current, incl. new Sec. 301)",16.880855922225322
2025-09-09,"July 2026 (current, incl. new Sec. 301)",16.880855922225322
2025-09-10,"July 2026 (current, incl. new Sec. 301)",16.880855922225322
2025-09-11,"July 2026 (current, incl. new Sec. 301)",16.880855922225322
2025-09-12,"July 2026 (current, incl. new Sec. 301)",16.880855922225322
2025-09-13,"July 2026 (current, incl. new Sec. 301)",16.880855922225322
2025-09-14,"July 2026 (current, incl. new Sec. 301)",16.880855922225322
2025-09-15,"July 2026 (current, incl. new Sec. 301)",16.880855922225322
2025-09-16,"July 2026 (current, incl. new Sec. 301)",16.661903896766418
2025-09-17,"July 2026 (current, incl. new Sec. 301)",16.661903896766418
2025-09-18,"July 2026 (current, incl. new Sec. 301)",16.661903896766418
2025-09-19,"July 2026 (current, incl. new Sec. 301)",16.661903896766418
2025-09-20,"July 2026 (current, incl. new Sec. 301)",16.661903896766418
2025-09-21,"July 2026 (current, incl. new Sec. 301)",16.661903896766418
2025-09-22,"July 2026 (current, incl. new Sec. 301)",16.661903896766418
2025-09-23,"July 2026 (current, incl. new Sec. 301)",16.661903896766418
2025-09-24,"July 2026 (current, incl. new Sec. 301)",16.661903896766418
2025-09-25,"July 2026 (current, incl. new Sec. 301)",16.072494609540225
2025-09-26,"July 2026 (current, incl. new Sec. 301)",16.072494609540225
2025-09-27,"July 2026 (current, incl. new Sec. 301)",16.072494609540225
2025-09-28,"July 2026 (current, incl. new Sec. 301)",16.072494609540225
2025-09-29,"July 2026 (current, incl. new Sec. 301)",16.072494609540225
2025-09-30,"July 2026 (current, incl. new Sec. 301)",16.072494609540225
2025-10-01,"July 2026 (current, incl. new Sec. 301)",16.072494609540225
2025-10-02,"July 2026 (current, incl. new Sec. 301)",16.072494609540225
2025-10-03,"July 2026 (current, incl. new Sec. 301)",16.072494609540225
2025-10-04,"July 2026 (current, incl. new Sec. 301)",16.072494609540225
2025-10-05,"July 2026 (current, incl. new Sec. 301)",16.072494609540225
2025-10-06,"July 2026 (current, incl. new Sec. 301)",16.072494609540225
2025-10-07,"July 2026 (current, incl. new Sec. 301)",16.072494609540225
2025-10-08,"July 2026 (current, incl. new Sec. 301)",16.072494609540225
2025-10-09,"July 2026 (current, incl. new Sec. 301)",16.072494609540225
2025-10-10,"July 2026 (current, incl. new Sec. 301)",16.072494609540225
2025-10-11,"July 2026 (current, incl. new Sec. 301)",16.072494609540225
2025-10-12,"July 2026 (current, incl. new Sec. 301)",16.072494609540225
2025-10-13,"July 2026 (current, incl. new Sec. 301)",16.072494609540225
2025-10-14,"July 2026 (current, incl. new Sec. 301)",16.16429462726546
2025-10-15,"July 2026 (current, incl. new Sec. 301)",16.16429462726546
2025-10-16,"July 2026 (current, incl. new Sec. 301)",16.16429462726546
2025-10-17,"July 2026 (current, incl. new Sec. 301)",16.16429462726546
2025-10-18,"July 2026 (current, incl. new Sec. 301)",16.16429462726546
2025-10-19,"July 2026 (current, incl. new Sec. 301)",16.16429462726546
2025-10-20,"July 2026 (current, incl. new Sec. 301)",16.16429462726546
2025-10-21,"July 2026 (current, incl. new Sec. 301)",16.16429462726546
2025-10-22,"July 2026 (current, incl. new Sec. 301)",16.16429462726546
2025-10-23,"July 2026 (current, incl. new Sec. 301)",16.16429462726546
2025-10-24,"July 2026 (current, incl. new Sec. 301)",16.16429462726546
2025-10-25,"July 2026 (current, incl. new Sec. 301)",16.16429462726546
2025-10-26,"July 2026 (current, incl. new Sec. 301)",16.16429462726546
2025-10-27,"July 2026 (current, incl. new Sec. 301)",16.16429462726546
2025-10-28,"July 2026 (current, incl. new Sec. 301)",16.16429462726546
2025-10-29,"July 2026 (current, incl. new Sec. 301)",16.16429462726546
2025-10-30,"July 2026 (current, incl. new Sec. 301)",16.16429462726546
2025-10-31,"July 2026 (current, incl. new Sec. 301)",16.16429462726546
2025-11-01,"July 2026 (current, incl. new Sec. 301)",16.327427010743268
2025-11-02,"July 2026 (current, incl. new Sec. 301)",16.327427010743268
2025-11-03,"July 2026 (current, incl. new Sec. 301)",16.327427010743268
2025-11-04,"July 2026 (current, incl. new Sec. 301)",16.327427010743268
2025-11-05,"July 2026 (current, incl. new Sec. 301)",16.327427010743268
2025-11-06,"July 2026 (current, incl. new Sec. 301)",16.327427010743268
2025-11-07,"July 2026 (current, incl. new Sec. 301)",16.327427010743268
2025-11-08,"July 2026 (current, incl. new Sec. 301)",16.327427010743268
2025-11-09,"July 2026 (current, incl. new Sec. 301)",14.995795666849872
2025-11-10,"July 2026 (current, incl. new Sec. 301)",14.979448282963634
2025-11-11,"July 2026 (current, incl. new Sec. 301)",14.979448282963634
2025-11-12,"July 2026 (current, incl. new Sec. 301)",14.979448282963634
2025-11-13,"July 2026 (current, incl. new Sec. 301)",14.764928453758316
2025-11-14,"July 2026 (current, incl. new Sec. 301)",14.603471017152334
2025-11-15,"July 2026 (current, incl. new Sec. 301)",14.603471017152334
2025-11-16,"July 2026 (current, incl. new Sec. 301)",14.603471017152334
2025-11-17,"July 2026 (current, incl. new Sec. 301)",14.603471017152334
2025-11-18,"July 2026 (current, incl. new Sec. 301)",14.603471017152334
2025-11-19,"July 2026 (current, incl. new Sec. 301)",14.603471017152334
2025-11-20,"July 2026 (current, incl. new Sec. 301)",14.603471017152334
2025-11-21,"July 2026 (current, incl. new Sec. 301)",14.60345888376428
2025-11-22,"July 2026 (current, incl. new Sec. 301)",14.60345888376428
2025-11-23,"July 2026 (current, incl. new Sec. 301)",14.60345888376428
2025-11-24,"July 2026 (current, incl. new Sec. 301)",14.60345888376428
2025-11-25,"July 2026 (current, incl. new Sec. 301)",14.60345888376428
2025-11-26,"July 2026 (current, incl. new Sec. 301)",14.60345888376428
2025-11-27,"July 2026 (current, incl. new Sec. 301)",14.60345888376428
2025-11-28,"July 2026 (current, incl. new Sec. 301)",14.60345888376428
2025-11-29,"July 2026 (current, incl. new Sec. 301)",14.60345888376428
2025-11-30,"July 2026 (current, incl. new Sec. 301)",14.60345888376428
2025-12-01,"July 2026 (current, incl. new Sec. 301)",14.60345888376428
2025-12-02,"July 2026 (current, incl. new Sec. 301)",14.60345888376428
2025-12-03,"July 2026 (current, incl. new Sec. 301)",14.60345888376428
2025-12-04,"July 2026 (current, incl. new Sec. 301)",14.60345888376428
2025-12-05,"July 2026 (current, incl. new Sec. 301)",14.391115889485471
2025-12-06,"July 2026 (current, incl. new Sec. 301)",14.391115889485471
2025-12-07,"July 2026 (current, incl. new Sec. 301)",14.391115889485471
2025-12-08,"July 2026 (current, incl. new Sec. 301)",14.391115889485471
2025-12-09,"July 2026 (current, incl. new Sec. 301)",14.391115889485471
2025-12-10,"July 2026 (current, incl. new Sec. 301)",14.391115889485471
2025-12-11,"July 2026 (current, incl. new Sec. 301)",14.391115889485471
2025-12-12,"July 2026 (current, incl. new Sec. 301)",14.391115889485471
2025-12-13,"July 2026 (current, incl. new Sec. 301)",14.391115889485471
2025-12-14,"July 2026 (current, incl. new Sec. 301)",14.391115889485471
2025-12-15,"July 2026 (current, incl. new Sec. 301)",14.391115889485471
2025-12-16,"July 2026 (current, incl. new Sec. 301)",14.391115889485471
2025-12-17,"July 2026 (current, incl. new Sec. 301)",14.391115889485471
2025-12-18,"July 2026 (current, incl. new Sec. 301)",14.391115889485471
2025-12-19,"July 2026 (current, incl. new Sec. 301)",14.391115889485471
2025-12-20,"July 2026 (current, incl. new Sec. 301)",14.391115889485471
2025-12-21,"July 2026 (current, incl. new Sec. 301)",14.391115889485471
2025-12-22,"July 2026 (current, incl. new Sec. 301)",14.391115889485471
2025-12-23,"July 2026 (current, incl. new Sec. 301)",14.391115889485471
2025-12-24,"July 2026 (current, incl. new Sec. 301)",14.391115889485471
2025-12-25,"July 2026 (current, incl. new Sec. 301)",14.391115889485471
2025-12-26,"July 2026 (current, incl. new Sec. 301)",14.391115889485471
2025-12-27,"July 2026 (current, incl. new Sec. 301)",14.391115889485471
2025-12-28,"July 2026 (current, incl. new Sec. 301)",14.391115889485471
2025-12-29,"July 2026 (current, incl. new Sec. 301)",14.391115889485471
2025-12-30,"July 2026 (current, incl. new Sec. 301)",14.391115889485471
2025-12-31,"July 2026 (current, incl. new Sec. 301)",14.391115889485471
2026-01-01,"July 2026 (current, incl. new Sec. 301)",14.53922685546746
2026-01-02,"July 2026 (current, incl. new Sec. 301)",14.53922685546746
2026-01-03,"July 2026 (current, incl. new Sec. 301)",14.53922685546746
2026-01-04,"July 2026 (current, incl. new Sec. 301)",14.53922685546746
2026-01-05,"July 2026 (current, incl. new Sec. 301)",14.53922685546746
2026-01-06,"July 2026 (current, incl. new Sec. 301)",14.53922685546746
2026-01-07,"July 2026 (current, incl. new Sec. 301)",14.53922685546746
2026-01-08,"July 2026 (current, incl. new Sec. 301)",14.53922685546746
2026-01-09,"July 2026 (current, incl. new Sec. 301)",14.53922685546746
2026-01-10,"July 2026 (current, incl. new Sec. 301)",14.53922685546746
2026-01-11,"July 2026 (current, incl. new Sec. 301)",14.53922685546746
2026-01-12,"July 2026 (current, incl. new Sec. 301)",14.53922685546746
2026-01-13,"July 2026 (current, incl. new Sec. 301)",14.53922685546746
2026-01-14,"July 2026 (current, incl. new Sec. 301)",14.53922685546746
2026-01-15,"July 2026 (current, incl. new Sec. 301)",14.596160992563163
2026-01-16,"July 2026 (current, incl. new Sec. 301)",14.596160992563163
2026-01-17,"July 2026 (current, incl. new Sec. 301)",14.596160992563163
2026-01-18,"July 2026 (current, incl. new Sec. 301)",14.596160992563163
2026-01-19,"July 2026 (current, incl. new Sec. 301)",14.596160992563163
2026-01-20,"July 2026 (current, incl. new Sec. 301)",14.596160992563163
2026-01-21,"July 2026 (current, incl. new Sec. 301)",14.596160992563163
2026-01-22,"July 2026 (current, incl. new Sec. 301)",14.596160992563163
2026-01-23,"July 2026 (current, incl. new Sec. 301)",14.596160992563163
2026-01-24,"July 2026 (current, incl. new Sec. 301)",14.596160992563163
2026-01-25,"July 2026 (current, incl. new Sec. 301)",14.596160992563163
2026-01-26,"July 2026 (current, incl. new Sec. 301)",14.596160992563163
2026-01-27,"July 2026 (current, incl. new Sec. 301)",14.596160992563163
2026-01-28,"July 2026 (current, incl. new Sec. 301)",14.596160992563163
2026-01-29,"July 2026 (current, incl. new Sec. 301)",14.596160992563163
2026-01-30,"July 2026 (current, incl. new Sec. 301)",14.596160992563163
2026-01-31,"July 2026 (current, incl. new Sec. 301)",14.596160992563163
2026-02-01,"July 2026 (current, incl. new Sec. 301)",14.524942771216034
2026-02-02,"July 2026 (current, incl. new Sec. 301)",14.524942771216034
2026-02-03,"July 2026 (current, incl. new Sec. 301)",14.524942771216034
2026-02-04,"July 2026 (current, incl. new Sec. 301)",14.524942771216034
2026-02-05,"July 2026 (current, incl. new Sec. 301)",14.524942771216034
2026-02-06,"July 2026 (current, incl. new Sec. 301)",14.524942771216034
2026-02-07,"July 2026 (current, incl. new Sec. 301)",14.451918101957244
2026-02-08,"July 2026 (current, incl. new Sec. 301)",14.451918101957244
2026-02-09,"July 2026 (current, incl. new Sec. 301)",14.451918101957244
2026-02-10,"July 2026 (current, incl. new Sec. 301)",14.451918101957244
2026-02-11,"July 2026 (current, incl. new Sec. 301)",14.451918101957244
2026-02-12,"July 2026 (current, incl. new Sec. 301)",14.451918101957244
2026-02-13,"July 2026 (current, incl. new Sec. 301)",14.451918101957244
2026-02-14,"July 2026 (current, incl. new Sec. 301)",14.451918101957244
2026-02-15,"July 2026 (current, incl. new Sec. 301)",14.451918101957244
2026-02-16,"July 2026 (current, incl. new Sec. 301)",14.451918101957244
2026-02-17,"July 2026 (current, incl. new Sec. 301)",14.451918101957244
2026-02-18,"July 2026 (current, incl. new Sec. 301)",14.451918101957244
2026-02-19,"July 2026 (current, incl. new Sec. 301)",14.451918101957244
2026-02-20,"July 2026 (current, incl. new Sec. 301)",7.913603777216399
2026-02-21,"July 2026 (current, incl. new Sec. 301)",7.913603777216399
2026-02-22,"July 2026 (current, incl. new Sec. 301)",7.913603777216399
2026-02-23,"July 2026 (current, incl. new Sec. 301)",7.913603777216399
2026-02-24,"July 2026 (current, incl. new Sec. 301)",11.313755069039065
2026-02-25,"July 2026 (current, incl. new Sec. 301)",11.313755069039065
2026-02-26,"July 2026 (current, incl. new Sec. 301)",11.313755069039065
2026-02-27,"July 2026 (current, incl. new Sec. 301)",11.313755069039065
2026-02-28,"July 2026 (current, incl. new Sec. 301)",11.313755069039065
2026-03-01,"July 2026 (current, incl. new Sec. 301)",11.313755069039065
2026-03-02,"July 2026 (current, incl. new Sec. 301)",11.313755069039065
2026-03-03,"July 2026 (current, incl. new Sec. 301)",11.313755069039065
2026-03-04,"July 2026 (current, incl. new Sec. 301)",11.313755069039065
2026-03-05,"July 2026 (current, incl. new Sec. 301)",11.313755069039065
2026-03-06,"July 2026 (current, incl. new Sec. 301)",11.313755069039065
2026-03-07,"July 2026 (current, incl. new Sec. 301)",11.313755069039065
2026-03-08,"July 2026 (current, incl. new Sec. 301)",11.313755069039065
2026-03-09,"July 2026 (current, incl. new Sec. 301)",11.313755069039065
2026-03-10,"July 2026 (current, incl. new Sec. 301)",11.313755069039065
2026-03-11,"July 2026 (current, incl. new Sec. 301)",11.313755069039065
2026-03-12,"July 2026 (current, incl. new Sec. 301)",11.313755069039065
2026-03-13,"July 2026 (current, incl. new Sec. 301)",11.313755069039065
2026-03-14,"July 2026 (current, incl. new Sec. 301)",11.313755069039065
2026-03-15,"July 2026 (current, incl. new Sec. 301)",11.313755069039065
2026-03-16,"July 2026 (current, incl. new Sec. 301)",11.313755069039065
2026-03-17,"July 2026 (current, incl. new Sec. 301)",11.313755069039065
2026-03-18,"July 2026 (current, incl. new Sec. 301)",11.313755069039065
2026-03-19,"July 2026 (current, incl. new Sec. 301)",11.313755069039065
2026-03-20,"July 2026 (current, incl. new Sec. 301)",11.313755069039065
2026-03-21,"July 2026 (current, incl. new Sec. 301)",11.313755069039065
2026-03-22,"July 2026 (current, incl. new Sec. 301)",11.313755069039065
2026-03-23,"July 2026 (current, incl. new Sec. 301)",11.313755069039065
2026-03-24,"July 2026 (current, incl. new Sec. 301)",11.313755069039065
2026-03-25,"July 2026 (current, incl. new Sec. 301)",11.313755069039065
2026-03-26,"July 2026 (current, incl. new Sec. 301)",11.313755069039065
2026-03-27,"July 2026 (current, incl. new Sec. 301)",11.313755069039065
2026-03-28,"July 2026 (current, incl. new Sec. 301)",11.313755069039065
2026-03-29,"July 2026 (current, incl. new Sec. 301)",11.313755069039065
2026-03-30,"July 2026 (current, incl. new Sec. 301)",11.313755069039065
2026-03-31,"July 2026 (current, incl. new Sec. 301)",11.313755069039065
2026-04-01,"July 2026 (current, incl. new Sec. 301)",11.313755069039065
2026-04-02,"July 2026 (current, incl. new Sec. 301)",11.313755069039065
2026-04-03,"July 2026 (current, incl. new Sec. 301)",11.313755069039065
2026-04-04,"July 2026 (current, incl. new Sec. 301)",11.313755069039065
2026-04-05,"July 2026 (current, incl. new Sec. 301)",11.313755069039065
2026-04-06,"July 2026 (current, incl. new Sec. 301)",12.174487247663407
2026-04-07,"July 2026 (current, incl. new Sec. 301)",12.174487247663407
2026-04-08,"July 2026 (current, incl. new Sec. 301)",12.174487247663407
2026-04-09,"July 2026 (current, incl. new Sec. 301)",12.174487247663407
2026-04-10,"July 2026 (current, incl. new Sec. 301)",12.174487247663407
2026-04-11,"July 2026 (current, incl. new Sec. 301)",12.174487247663407
2026-04-12,"July 2026 (current, incl. new Sec. 301)",12.174487247663407
2026-04-13,"July 2026 (current, incl. new Sec. 301)",12.174487247663407
2026-04-14,"July 2026 (current, incl. new Sec. 301)",12.174487247663407
2026-04-15,"July 2026 (current, incl. new Sec. 301)",12.174487247663407
2026-04-16,"July 2026 (current, incl. new Sec. 301)",12.174487247663407
2026-04-17,"July 2026 (current, incl. new Sec. 301)",12.174487247663407
2026-04-18,"July 2026 (current, incl. new Sec. 301)",12.174487247663407
2026-04-19,"July 2026 (current, incl. new Sec. 301)",12.174487247663407
2026-04-20,"July 2026 (current, incl. new Sec. 301)",12.174487247663407
2026-04-21,"July 2026 (current, incl. new Sec. 301)",12.174487247663407
2026-04-22,"July 2026 (current, incl. new Sec. 301)",12.174487247663407
2026-04-23,"July 2026 (current, incl. new Sec. 301)",12.174487247663407
2026-04-24,"July 2026 (current, incl. new Sec. 301)",12.174487247663407
2026-04-25,"July 2026 (current, incl. new Sec. 301)",12.174487247663407
2026-04-26,"July 2026 (current, incl. new Sec. 301)",12.174487247663407
2026-04-27,"July 2026 (current, incl. new Sec. 301)",12.174487247663407
2026-04-28,"July 2026 (current, incl. new Sec. 301)",12.174487247663407
2026-04-29,"July 2026 (current, incl. new Sec. 301)",12.174487247663407
2026-04-30,"July 2026 (current, incl. new Sec. 301)",12.174487247663407
2026-05-01,"July 2026 (current, incl. new Sec. 301)",12.148515554111809
2026-05-02,"July 2026 (current, incl. new Sec. 301)",12.148515554111809
2026-05-03,"July 2026 (current, incl. new Sec. 301)",12.148515554111809
2026-05-04,"July 2026 (current, incl. new Sec. 301)",12.148515554111809
2026-05-05,"July 2026 (current, incl. new Sec. 301)",12.148515554111809
2026-05-06,"July 2026 (current, incl. new Sec. 301)",12.148515554111809
2026-05-07,"July 2026 (current, incl. new Sec. 301)",12.148515554111809
2026-05-08,"July 2026 (current, incl. new Sec. 301)",12.148515554111809
2026-05-09,"July 2026 (current, incl. new Sec. 301)",12.148515554111809
2026-05-10,"July 2026 (current, incl. new Sec. 301)",12.148515554111809
2026-05-11,"July 2026 (current, incl. new Sec. 301)",12.148515554111809
2026-05-12,"July 2026 (current, incl. new Sec. 301)",12.148515554111809
2026-05-13,"July 2026 (current, incl. new Sec. 301)",12.148515554111809
2026-05-14,"July 2026 (current, incl. new Sec. 301)",12.148515554111809
2026-05-15,"July 2026 (current, incl. new Sec. 301)",12.148515554111809
2026-05-16,"July 2026 (current, incl. new Sec. 301)",12.148515554111809
2026-05-17,"July 2026 (current, incl. new Sec. 301)",12.148515554111809
2026-05-18,"July 2026 (current, incl. new Sec. 301)",12.148515554111809
2026-05-19,"July 2026 (current, incl. new Sec. 301)",12.148515554111809
2026-05-20,"July 2026 (current, incl. new Sec. 301)",12.148515554111809
2026-05-21,"July 2026 (current, incl. new Sec. 301)",12.148515554111809
2026-05-22,"July 2026 (current, incl. new Sec. 301)",12.148515554111809
2026-05-23,"July 2026 (current, incl. new Sec. 301)",12.148515554111809
2026-05-24,"July 2026 (current, incl. new Sec. 301)",12.148515554111809
2026-05-25,"July 2026 (current, incl. new Sec. 301)",12.148515554111809
2026-05-26,"July 2026 (current, incl. new Sec. 301)",12.148515554111809
2026-05-27,"July 2026 (current, incl. new Sec. 301)",12.148515554111809
2026-05-28,"July 2026 (current, incl. new Sec. 301)",12.148515554111809
2026-05-29,"July 2026 (current, incl. new Sec. 301)",12.148515554111809
2026-05-30,"July 2026 (current, incl. new Sec. 301)",12.148515554111809
2026-05-31,"July 2026 (current, incl. new Sec. 301)",12.148515554111809
2026-06-01,"July 2026 (current, incl. new Sec. 301)",12.148515554111809
2026-06-02,"July 2026 (current, incl. new Sec. 301)",12.148515554111809
2026-06-03,"July 2026 (current, incl. new Sec. 301)",12.148515554111809
2026-06-04,"July 2026 (current, incl. new Sec. 301)",12.148515554111809
2026-06-05,"July 2026 (current, incl. new Sec. 301)",12.148515554111809
2026-06-06,"July 2026 (current, incl. new Sec. 301)",12.148515554111809
2026-06-07,"July 2026 (current, incl. new Sec. 301)",12.148515554111809
2026-06-08,"July 2026 (current, incl. new Sec. 301)",12.045461609314376
2026-06-09,"July 2026 (current, incl. new Sec. 301)",12.045461609314376
2026-06-10,"July 2026 (current, incl. new Sec. 301)",12.045461609314376
2026-06-11,"July 2026 (current, incl. new Sec. 301)",12.045461609314376
2026-06-12,"July 2026 (current, incl. new Sec. 301)",12.045461609314376
2026-06-13,"July 2026 (current, incl. new Sec. 301)",12.045461609314376
2026-06-14,"July 2026 (current, incl. new Sec. 301)",12.045461609314376
2026-06-15,"July 2026 (current, incl. new Sec. 301)",12.045461609314376
2026-06-16,"July 2026 (current, incl. new Sec. 301)",12.045461609314376
2026-06-17,"July 2026 (current, incl. new Sec. 301)",12.045461609314376
2026-06-18,"July 2026 (current, incl. new Sec. 301)",12.045461609314376
2026-06-19,"July 2026 (current, incl. new Sec. 301)",12.045461609314376
2026-06-20,"July 2026 (current, incl. new Sec. 301)",12.045461609314376
2026-06-21,"July 2026 (current, incl. new Sec. 301)",12.045461609314376
2026-06-22,"July 2026 (current, incl. new Sec. 301)",12.045461609314376
2026-06-23,"July 2026 (current, incl. new Sec. 301)",12.045461609314376
2026-06-24,"July 2026 (current, incl. new Sec. 301)",12.045461609314376
2026-06-25,"July 2026 (current, incl. new Sec. 301)",12.045461609314376
2026-06-26,"July 2026 (current, incl. new Sec. 301)",12.045461609314376
2026-06-27,"July 2026 (current, incl. new Sec. 301)",12.045461609314376
2026-06-28,"July 2026 (current, incl. new Sec. 301)",12.045461609314376
2026-06-29,"July 2026 (current, incl. new Sec. 301)",12.045461609314376
2026-06-30,"July 2026 (current, incl. new Sec. 301)",12.045461609314376
2026-07-01,"July 2026 (current, incl. new Sec. 301)",12.056539793045491
2026-07-02,"July 2026 (current, incl. new Sec. 301)",12.056539793045491
2026-07-03,"July 2026 (current, incl. new Sec. 301)",12.056539793045491
2026-07-04,"July 2026 (current, incl. new Sec. 301)",12.056539793045491
2026-07-05,"July 2026 (current, incl. new Sec. 301)",12.056539793045491
2026-07-06,"July 2026 (current, incl. new Sec. 301)",12.056539793045491
2026-07-07,"July 2026 (current, incl. new Sec. 301)",12.056539793045491
2026-07-08,"July 2026 (current, incl. new Sec. 301)",12.056539793045491
2026-07-09,"July 2026 (current, incl. new Sec. 301)",12.056539793045491
2026-07-10,"July 2026 (current, incl. new Sec. 301)",12.056539793045491
2026-07-11,"July 2026 (current, incl. new Sec. 301)",12.056539793045491
2026-07-12,"July 2026 (current, incl. new Sec. 301)",12.056539793045491
2026-07-13,"July 2026 (current, incl. new Sec. 301)",12.056539793045491
2026-07-14,"July 2026 (current, incl. new Sec. 301)",12.056539793045491
2026-07-15,"July 2026 (current, incl. new Sec. 301)",12.056539793045491
2026-07-16,"July 2026 (current, incl. new Sec. 301)",12.056539793045491
2026-07-17,"July 2026 (current, incl. new Sec. 301)",12.056539793045491
2026-07-18,"July 2026 (current, incl. new Sec. 301)",12.056539793045491
2026-07-19,"July 2026 (current, incl. new Sec. 301)",12.056539793045491
2026-07-20,"July 2026 (current, incl. new Sec. 301)",12.056539793045491
2026-07-21,"July 2026 (current, incl. new Sec. 301)",12.056539793045491
2026-07-22,"July 2026 (current, incl. new Sec. 301)",12.056539793045491
2026-07-23,"July 2026 (current, incl. new Sec. 301)",12.056539793045491
2026-07-24,"July 2026 (current, incl. new Sec. 301)",12.135426143564311
2026-07-25,"July 2026 (current, incl. new Sec. 301)",12.135426143564311
2026-07-26,"July 2026 (current, incl. new Sec. 301)",12.135426143564311
2026-07-27,"July 2026 (current, incl. new Sec. 301)",12.135426143564311
2026-07-28,"July 2026 (current, incl. new Sec. 301)",12.135426143564311
2026-07-29,"July 2026 (current, incl. new Sec. 301)",12.135426143564311
2026-07-30,"July 2026 (current, incl. new Sec. 301)",12.135426143564311
2026-07-31,"July 2026 (current, incl. new Sec. 301)",12.135426143564311
2026-08-01,"July 2026 (current, incl. new Sec. 301)",12.135426143564311
2026-08-02,"July 2026 (current, incl. new Sec. 301)",12.135426143564311
2026-08-03,"July 2026 (current, incl. new Sec. 301)",12.135426143564311
2026-08-04,"July 2026 (current, incl. new Sec. 301)",12.135426143564311
2026-08-05,"July 2026 (current, incl. new Sec. 301)",12.135426143564311
2026-08-06,"July 2026 (current, incl. new Sec. 301)",12.135426143564311
2026-08-07,"July 2026 (current, incl. new Sec. 301)",12.135426143564311
2026-08-08,"July 2026 (current, incl. new Sec. 301)",12.135426143564311
2026-08-09,"July 2026 (current, incl. new Sec. 301)",12.135426143564311
2026-08-10,"July 2026 (current, incl. new Sec. 301)",12.135426143564311
2026-08-11,"July 2026 (current, incl. new Sec. 301)",12.135426143564311
2026-08-12,"July 2026 (current, incl. new Sec. 301)",12.135426143564311
2026-08-13,"July 2026 (current, incl. new Sec. 301)",12.135426143564311
2026-08-14,"July 2026 (current, incl. new Sec. 301)",12.135426143564311
2026-08-15,"July 2026 (current, incl. new Sec. 301)",12.135426143564311
2026-08-16,"July 2026 (current, incl. new Sec. 301)",12.135426143564311
2026-08-17,"July 2026 (current, incl. new Sec. 301)",12.135426143564311
2026-08-18,"July 2026 (current, incl. new Sec. 301)",12.135426143564311
2026-08-19,"July 2026 (current, incl. new Sec. 301)",12.135426143564311
2026-08-20,"July 2026 (current, incl. new Sec. 301)",12.135426143564311
2026-08-21,"July 2026 (current, incl. new Sec. 301)",12.135426143564311
2026-08-22,"July 2026 (current, incl. new Sec. 301)",12.135426143564311
2026-08-23,"July 2026 (current, incl. new Sec. 301)",12.135426143564311
2026-08-24,"July 2026 (current, incl. new Sec. 301)",12.135426143564311
2026-08-25,"July 2026 (current, incl. new Sec. 301)",12.135426143564311
2026-08-26,"July 2026 (current, incl. new Sec. 301)",12.135426143564311
2026-08-27,"July 2026 (current, incl. new Sec. 301)",12.135426143564311
2026-08-28,"July 2026 (current, incl. new Sec. 301)",12.135426143564311
2026-08-29,"July 2026 (current, incl. new Sec. 301)",12.135426143564311
2026-08-30,"July 2026 (current, incl. new Sec. 301)",12.135426143564311
2026-08-31,"July 2026 (current, incl. new Sec. 301)",12.135426143564311
2026-09-01,"July 2026 (current, incl. new Sec. 301)",12.135426143564311
2026-09-02,"July 2026 (current, incl. new Sec. 301)",12.135426143564311
2026-09-03,"July 2026 (current, incl. new Sec. 301)",12.135426143564311
2026-09-04,"July 2026 (current, incl. new Sec. 301)",12.135426143564311
2026-09-05,"July 2026 (current, incl. new Sec. 301)",12.135426143564311
2026-09-06,"July 2026 (current, incl. new Sec. 301)",12.135426143564311
2026-09-07,"July 2026 (current, incl. new Sec. 301)",12.135426143564311
2026-09-08,"July 2026 (current, incl. new Sec. 301)",12.135426143564311
2026-09-09,"July 2026 (current, incl. new Sec. 301)",12.135426143564311
2026-09-10,"July 2026 (current, incl. new Sec. 301)",12.135426143564311
2026-09-11,"July 2026 (current, incl. new Sec. 301)",12.135426143564311
2026-09-12,"July 2026 (current, incl. new Sec. 301)",12.135426143564311
2026-09-13,"July 2026 (current, incl. new Sec. 301)",12.135426143564311
2026-09-14,"July 2026 (current, incl. new Sec. 301)",12.135426143564311
2026-09-15,"July 2026 (current, incl. new Sec. 301)",12.135426143564311
2026-09-16,"July 2026 (current, incl. new Sec. 301)",12.135426143564311
2026-09-17,"July 2026 (current, incl. new Sec. 301)",12.135426143564311
2026-09-18,"July 2026 (current, incl. new Sec. 301)",12.135426143564311
2026-09-19,"July 2026 (current, incl. new Sec. 301)",12.135426143564311
2026-09-20,"July 2026 (current, incl. new Sec. 301)",12.135426143564311
2026-09-21,"July 2026 (current, incl. new Sec. 301)",12.135426143564311
2026-09-22,"July 2026 (current, incl. new Sec. 301)",12.135426143564311
2026-09-23,"July 2026 (current, incl. new Sec. 301)",12.135426143564311
2026-09-24,"July 2026 (current, incl. new Sec. 301)",12.135426143564311
2026-09-25,"July 2026 (current, incl. new Sec. 301)",12.135426143564311
2026-09-26,"July 2026 (current, incl. new Sec. 301)",12.135426143564311
2026-09-27,"July 2026 (current, incl. new Sec. 301)",12.135426143564311
2026-09-28,"July 2026 (current, incl. new Sec. 301)",12.135426143564311
2026-09-29,"July 2026 (current, incl. new Sec. 301)",12.424878077799496
2026-09-30,"July 2026 (current, incl. new Sec. 301)",12.424878077799496
2026-10-01,"July 2026 (current, incl. new Sec. 301)",12.424878077799496
2026-10-02,"July 2026 (current, incl. new Sec. 301)",12.424878077799496
2026-10-03,"July 2026 (current, incl. new Sec. 301)",12.424878077799496
2026-10-04,"July 2026 (current, incl. new Sec. 301)",12.424878077799496
2026-10-05,"July 2026 (current, incl. new Sec. 301)",12.424878077799496
2026-10-06,"July 2026 (current, incl. new Sec. 301)",12.424878077799496
2026-10-07,"July 2026 (current, incl. new Sec. 301)",12.424878077799496
2026-10-08,"July 2026 (current, incl. new Sec. 301)",12.424878077799496
2026-10-09,"July 2026 (current, incl. new Sec. 301)",12.424878077799496
2026-10-10,"July 2026 (current, incl. new Sec. 301)",12.424878077799496
2026-10-11,"July 2026 (current, incl. new Sec. 301)",12.424878077799496
2026-10-12,"July 2026 (current, incl. new Sec. 301)",12.424878077799496
2026-10-13,"July 2026 (current, incl. new Sec. 301)",12.424878077799496
2026-10-14,"July 2026 (current, incl. new Sec. 301)",12.424878077799496
2026-10-15,"July 2026 (current, incl. new Sec. 301)",12.424878077799496
2026-10-16,"July 2026 (current, incl. new Sec. 301)",12.424878077799496
2026-10-17,"July 2026 (current, incl. new Sec. 301)",12.424878077799496
2026-10-18,"July 2026 (current, incl. new Sec. 301)",12.424878077799496
2026-10-19,"July 2026 (current, incl. new Sec. 301)",12.424878077799496
2026-10-20,"July 2026 (current, incl. new Sec. 301)",12.424878077799496
2026-10-21,"July 2026 (current, incl. new Sec. 301)",12.424878077799496
2026-10-22,"July 2026 (current, incl. new Sec. 301)",12.424878077799496
2026-10-23,"July 2026 (current, incl. new Sec. 301)",12.424878077799496
2026-10-24,"July 2026 (current, incl. new Sec. 301)",12.424878077799496
2026-10-25,"July 2026 (current, incl. new Sec. 301)",12.424878077799496
2026-10-26,"July 2026 (current, incl. new Sec. 301)",12.424878077799496
2026-10-27,"July 2026 (current, incl. new Sec. 301)",12.424878077799496
2026-10-28,"July 2026 (current, incl. new Sec. 301)",12.424878077799496
2026-10-29,"July 2026 (current, incl. new Sec. 301)",12.424878077799496
2026-10-30,"July 2026 (current, incl. new Sec. 301)",12.424878077799496
2026-10-31,"July 2026 (current, incl. new Sec. 301)",12.424878077799496
2026-11-01,"July 2026 (current, incl. new Sec. 301)",12.424878077799496
2026-11-02,"July 2026 (current, incl. new Sec. 301)",12.424878077799496
2026-11-03,"July 2026 (current, incl. new Sec. 301)",12.424878077799496
2026-11-04,"July 2026 (current, incl. new Sec. 301)",12.424878077799496
2026-11-05,"July 2026 (current, incl. new Sec. 301)",12.424878077799496
2026-11-06,"July 2026 (current, incl. new Sec. 301)",12.424878077799496
2026-11-07,"July 2026 (current, incl. new Sec. 301)",12.424878077799496
2026-11-08,"July 2026 (current, incl. new Sec. 301)",12.424878077799496
2026-11-09,"July 2026 (current, incl. new Sec. 301)",12.424878077799496
2026-11-10,"July 2026 (current, incl. new Sec. 301)",12.515596065426882
2026-11-11,"July 2026 (current, incl. new Sec. 301)",12.515596065426882
2026-11-12,"July 2026 (current, incl. new Sec. 301)",12.515596065426882
2026-11-13,"July 2026 (current, incl. new Sec. 301)",12.515596065426882
2026-11-14,"July 2026 (current, incl. new Sec. 301)",12.515596065426882
2026-11-15,"July 2026 (current, incl. new Sec. 301)",12.515596065426882
2026-11-16,"July 2026 (current, incl. new Sec. 301)",12.515596065426882
2026-11-17,"July 2026 (current, incl. new Sec. 301)",12.515596065426882
2026-11-18,"July 2026 (current, incl. new Sec. 301)",12.515596065426882
2026-11-19,"July 2026 (current, incl. new Sec. 301)",12.515596065426882
2026-11-20,"July 2026 (current, incl. new Sec. 301)",12.515596065426882
2026-11-21,"July 2026 (current, incl. new Sec. 301)",12.515596065426882
2026-11-22,"July 2026 (current, incl. new Sec. 301)",12.515596065426882
2026-11-23,"July 2026 (current, incl. new Sec. 301)",12.515596065426882
2026-11-24,"July 2026 (current, incl. new Sec. 301)",12.515596065426882
2026-11-25,"July 2026 (current, incl. new Sec. 301)",12.515596065426882
2026-11-26,"July 2026 (current, incl. new Sec. 301)",12.515596065426882
2026-11-27,"July 2026 (current, incl. new Sec. 301)",12.515596065426882
2026-11-28,"July 2026 (current, incl. new Sec. 301)",12.515596065426882
2026-11-29,"July 2026 (current, incl. new Sec. 301)",12.515596065426882
2026-11-30,"July 2026 (current, incl. new Sec. 301)",12.515596065426882
2026-12-01,"July 2026 (current, incl. new Sec. 301)",12.515596065426882
2026-12-02,"July 2026 (current, incl. new Sec. 301)",12.515596065426882
2026-12-03,"July 2026 (current, incl. new Sec. 301)",12.515596065426882
2026-12-04,"July 2026 (current, incl. new Sec. 301)",12.515596065426882
2026-12-05,"July 2026 (current, incl. new Sec. 301)",12.515596065426882
2026-12-06,"July 2026 (current, incl. new Sec. 301)",12.515596065426882
2026-12-07,"July 2026 (current, incl. new Sec. 301)",12.515596065426882
2026-12-08,"July 2026 (current, incl. new Sec. 301)",12.515596065426882
2026-12-09,"July 2026 (current, incl. new Sec. 301)",12.515596065426882
2026-12-10,"July 2026 (current, incl. new Sec. 301)",12.515596065426882
2026-12-11,"July 2026 (current, incl. new Sec. 301)",12.515596065426882
2026-12-12,"July 2026 (current, incl. new Sec. 301)",12.515596065426882
2026-12-13,"July 2026 (current, incl. new Sec. 301)",12.515596065426882
2026-12-14,"July 2026 (current, incl. new Sec. 301)",12.515596065426882
2026-12-15,"July 2026 (current, incl. new Sec. 301)",12.515596065426882
2026-12-16,"July 2026 (current, incl. new Sec. 301)",12.515596065426882
2026-12-17,"July 2026 (current, incl. new Sec. 301)",12.515596065426882
2026-12-18,"July 2026 (current, incl. new Sec. 301)",12.515596065426882
2026-12-19,"July 2026 (current, incl. new Sec. 301)",12.515596065426882
2026-12-20,"July 2026 (current, incl. new Sec. 301)",12.515596065426882
2026-12-21,"July 2026 (current, incl. new Sec. 301)",12.515596065426882
2026-12-22,"July 2026 (current, incl. new Sec. 301)",12.515596065426882
2026-12-23,"July 2026 (current, incl. new Sec. 301)",12.515596065426882
2026-12-24,"July 2026 (current, incl. new Sec. 301)",12.515596065426882
2026-12-25,"July 2026 (current, incl. new Sec. 301)",12.515596065426882
2026-12-26,"July 2026 (current, incl. new Sec. 301)",12.515596065426882
2026-12-27,"July 2026 (current, incl. new Sec. 301)",12.515596065426882
2026-12-28,"July 2026 (current, incl. new Sec. 301)",12.515596065426882
2026-12-29,"July 2026 (current, incl. new Sec. 301)",12.515596065426882
2026-12-30,"July 2026 (current, incl. new Sec. 301)",12.515596065426882
2026-12-31,"July 2026 (current, incl. new Sec. 301)",12.515596065426882
2026-07-23,Without new Sec. 301 (counterfactual),12.056539793045491
2026-07-24,Without new Sec. 301 (counterfactual),9.029750677342976
2026-07-25,Without new Sec. 301 (counterfactual),9.029750677342976
2026-07-26,Without new Sec. 301 (counterfactual),9.029750677342976
2026-07-27,Without new Sec. 301 (counterfactual),9.029750677342976
2026-07-28,Without new Sec. 301 (counterfactual),9.029750677342976
2026-07-29,Without new Sec. 301 (counterfactual),9.029750677342976
2026-07-30,Without new Sec. 301 (counterfactual),9.029750677342976
2026-07-31,Without new Sec. 301 (counterfactual),9.029750677342976
2026-08-01,Without new Sec. 301 (counterfactual),9.029750677342976
2026-08-02,Without new Sec. 301 (counterfactual),9.029750677342976
2026-08-03,Without new Sec. 301 (counterfactual),9.029750677342976
2026-08-04,Without new Sec. 301 (counterfactual),9.029750677342976
2026-08-05,Without new Sec. 301 (counterfactual),9.029750677342976
2026-08-06,Without new Sec. 301 (counterfactual),9.029750677342976
2026-08-07,Without new Sec. 301 (counterfactual),9.029750677342976
2026-08-08,Without new Sec. 301 (counterfactual),9.029750677342976
2026-08-09,Without new Sec. 301 (counterfactual),9.029750677342976
2026-08-10,Without new Sec. 301 (counterfactual),9.029750677342976
2026-08-11,Without new Sec. 301 (counterfactual),9.029750677342976
2026-08-12,Without new Sec. 301 (counterfactual),9.029750677342976
2026-08-13,Without new Sec. 301 (counterfactual),9.029750677342976
2026-08-14,Without new Sec. 301 (counterfactual),9.029750677342976
2026-08-15,Without new Sec. 301 (counterfactual),9.029750677342976
2026-08-16,Without new Sec. 301 (counterfactual),9.029750677342976
2026-08-17,Without new Sec. 301 (counterfactual),9.029750677342976
2026-08-18,Without new Sec. 301 (counterfactual),9.029750677342976
2026-08-19,Without new Sec. 301 (counterfactual),9.029750677342976
2026-08-20,Without new Sec. 301 (counterfactual),9.029750677342976
2026-08-21,Without new Sec. 301 (counterfactual),9.029750677342976
2026-08-22,Without new Sec. 301 (counterfactual),9.029750677342976
2026-08-23,Without new Sec. 301 (counterfactual),9.029750677342976
2026-08-24,Without new Sec. 301 (counterfactual),9.029750677342976
2026-08-25,Without new Sec. 301 (counterfactual),9.029750677342976
2026-08-26,Without new Sec. 301 (counterfactual),9.029750677342976
2026-08-27,Without new Sec. 301 (counterfactual),9.029750677342976
2026-08-28,Without new Sec. 301 (counterfactual),9.029750677342976
2026-08-29,Without new Sec. 301 (counterfactual),9.029750677342976
2026-08-30,Without new Sec. 301 (counterfactual),9.029750677342976
2026-08-31,Without new Sec. 301 (counterfactual),9.029750677342976
2026-09-01,Without new Sec. 301 (counterfactual),9.029750677342976
2026-09-02,Without new Sec. 301 (counterfactual),9.029750677342976
2026-09-03,Without new Sec. 301 (counterfactual),9.029750677342976
2026-09-04,Without new Sec. 301 (counterfactual),9.029750677342976
2026-09-05,Without new Sec. 301 (counterfactual),9.029750677342976
2026-09-06,Without new Sec. 301 (counterfactual),9.029750677342976
2026-09-07,Without new Sec. 301 (counterfactual),9.029750677342976
2026-09-08,Without new Sec. 301 (counterfactual),9.029750677342976
2026-09-09,Without new Sec. 301 (counterfactual),9.029750677342976
2026-09-10,Without new Sec. 301 (counterfactual),9.029750677342976
2026-09-11,Without new Sec. 301 (counterfactual),9.029750677342976
2026-09-12,Without new Sec. 301 (counterfactual),9.029750677342976
2026-09-13,Without new Sec. 301 (counterfactual),9.029750677342976
2026-09-14,Without new Sec. 301 (counterfactual),9.029750677342976
2026-09-15,Without new Sec. 301 (counterfactual),9.029750677342976
2026-09-16,Without new Sec. 301 (counterfactual),9.029750677342976
2026-09-17,Without new Sec. 301 (counterfactual),9.029750677342976
2026-09-18,Without new Sec. 301 (counterfactual),9.029750677342976
2026-09-19,Without new Sec. 301 (counterfactual),9.029750677342976
2026-09-20,Without new Sec. 301 (counterfactual),9.029750677342976
2026-09-21,Without new Sec. 301 (counterfactual),9.029750677342976
2026-09-22,Without new Sec. 301 (counterfactual),9.029750677342976
2026-09-23,Without new Sec. 301 (counterfactual),9.029750677342976
2026-09-24,Without new Sec. 301 (counterfactual),9.029750677342976
2026-09-25,Without new Sec. 301 (counterfactual),9.029750677342976
2026-09-26,Without new Sec. 301 (counterfactual),9.029750677342976
2026-09-27,Without new Sec. 301 (counterfactual),9.029750677342976
2026-09-28,Without new Sec. 301 (counterfactual),9.029750677342976
2026-09-29,Without new Sec. 301 (counterfactual),9.31920261157816
2026-09-30,Without new Sec. 301 (counterfactual),9.31920261157816
2026-10-01,Without new Sec. 301 (counterfactual),9.31920261157816
2026-10-02,Without new Sec. 301 (counterfactual),9.31920261157816
2026-10-03,Without new Sec. 301 (counterfactual),9.31920261157816
2026-10-04,Without new Sec. 301 (counterfactual),9.31920261157816
2026-10-05,Without new Sec. 301 (counterfactual),9.31920261157816
2026-10-06,Without new Sec. 301 (counterfactual),9.31920261157816
2026-10-07,Without new Sec. 301 (counterfactual),9.31920261157816
2026-10-08,Without new Sec. 301 (counterfactual),9.31920261157816
2026-10-09,Without new Sec. 301 (counterfactual),9.31920261157816
2026-10-10,Without new Sec. 301 (counterfactual),9.31920261157816
2026-10-11,Without new Sec. 301 (counterfactual),9.31920261157816
2026-10-12,Without new Sec. 301 (counterfactual),9.31920261157816
2026-10-13,Without new Sec. 301 (counterfactual),9.31920261157816
2026-10-14,Without new Sec. 301 (counterfactual),9.31920261157816
2026-10-15,Without new Sec. 301 (counterfactual),9.31920261157816
2026-10-16,Without new Sec. 301 (counterfactual),9.31920261157816
2026-10-17,Without new Sec. 301 (counterfactual),9.31920261157816
2026-10-18,Without new Sec. 301 (counterfactual),9.31920261157816
2026-10-19,Without new Sec. 301 (counterfactual),9.31920261157816
2026-10-20,Without new Sec. 301 (counterfactual),9.31920261157816
2026-10-21,Without new Sec. 301 (counterfactual),9.31920261157816
2026-10-22,Without new Sec. 301 (counterfactual),9.31920261157816
2026-10-23,Without new Sec. 301 (counterfactual),9.31920261157816
2026-10-24,Without new Sec. 301 (counterfactual),9.31920261157816
2026-10-25,Without new Sec. 301 (counterfactual),9.31920261157816
2026-10-26,Without new Sec. 301 (counterfactual),9.31920261157816
2026-10-27,Without new Sec. 301 (counterfactual),9.31920261157816
2026-10-28,Without new Sec. 301 (counterfactual),9.31920261157816
2026-10-29,Without new Sec. 301 (counterfactual),9.31920261157816
2026-10-30,Without new Sec. 301 (counterfactual),9.31920261157816
2026-10-31,Without new Sec. 301 (counterfactual),9.31920261157816
2026-11-01,Without new Sec. 301 (counterfactual),9.31920261157816
2026-11-02,Without new Sec. 301 (counterfactual),9.31920261157816
2026-11-03,Without new Sec. 301 (counterfactual),9.31920261157816
2026-11-04,Without new Sec. 301 (counterfactual),9.31920261157816
2026-11-05,Without new Sec. 301 (counterfactual),9.31920261157816
2026-11-06,Without new Sec. 301 (counterfactual),9.31920261157816
2026-11-07,Without new Sec. 301 (counterfactual),9.31920261157816
2026-11-08,Without new Sec. 301 (counterfactual),9.31920261157816
2026-11-09,Without new Sec. 301 (counterfactual),9.31920261157816
2026-11-10,Without new Sec. 301 (counterfactual),9.409920599205543
2026-11-11,Without new Sec. 301 (counterfactual),9.409920599205543
2026-11-12,Without new Sec. 301 (counterfactual),9.409920599205543
2026-11-13,Without new Sec. 301 (counterfactual),9.409920599205543
2026-11-14,Without new Sec. 301 (counterfactual),9.409920599205543
2026-11-15,Without new Sec. 301 (counterfactual),9.409920599205543
2026-11-16,Without new Sec. 301 (counterfactual),9.409920599205543
2026-11-17,Without new Sec. 301 (counterfactual),9.409920599205543
2026-11-18,Without new Sec. 301 (counterfactual),9.409920599205543
2026-11-19,Without new Sec. 301 (counterfactual),9.409920599205543
2026-11-20,Without new Sec. 301 (counterfactual),9.409920599205543
2026-11-21,Without new Sec. 301 (counterfactual),9.409920599205543
2026-11-22,Without new Sec. 301 (counterfactual),9.409920599205543
2026-11-23,Without new Sec. 301 (counterfactual),9.409920599205543
2026-11-24,Without new Sec. 301 (counterfactual),9.409920599205543
2026-11-25,Without new Sec. 301 (counterfactual),9.409920599205543
2026-11-26,Without new Sec. 301 (counterfactual),9.409920599205543
2026-11-27,Without new Sec. 301 (counterfactual),9.409920599205543
2026-11-28,Without new Sec. 301 (counterfactual),9.409920599205543
2026-11-29,Without new Sec. 301 (counterfactual),9.409920599205543
2026-11-30,Without new Sec. 301 (counterfactual),9.409920599205543
2026-12-01,Without new Sec. 301 (counterfactual),9.409920599205543
2026-12-02,Without new Sec. 301 (counterfactual),9.409920599205543
2026-12-03,Without new Sec. 301 (counterfactual),9.409920599205543
2026-12-04,Without new Sec. 301 (counterfactual),9.409920599205543
2026-12-05,Without new Sec. 301 (counterfactual),9.409920599205543
2026-12-06,Without new Sec. 301 (counterfactual),9.409920599205543
2026-12-07,Without new Sec. 301 (counterfactual),9.409920599205543
2026-12-08,Without new Sec. 301 (counterfactual),9.409920599205543
2026-12-09,Without new Sec. 301 (counterfactual),9.409920599205543
2026-12-10,Without new Sec. 301 (counterfactual),9.409920599205543
2026-12-11,Without new Sec. 301 (counterfactual),9.409920599205543
2026-12-12,Without new Sec. 301 (counterfactual),9.409920599205543
2026-12-13,Without new Sec. 301 (counterfactual),9.409920599205543
2026-12-14,Without new Sec. 301 (counterfactual),9.409920599205543
2026-12-15,Without new Sec. 301 (counterfactual),9.409920599205543
2026-12-16,Without new Sec. 301 (counterfactual),9.409920599205543
2026-12-17,Without new Sec. 301 (counterfactual),9.409920599205543
2026-12-18,Without new Sec. 301 (counterfactual),9.409920599205543
2026-12-19,Without new Sec. 301 (counterfactual),9.409920599205543
2026-12-20,Without new Sec. 301 (counterfactual),9.409920599205543
2026-12-21,Without new Sec. 301 (counterfactual),9.409920599205543
2026-12-22,Without new Sec. 301 (counterfactual),9.409920599205543
2026-12-23,Without new Sec. 301 (counterfactual),9.409920599205543
2026-12-24,Without new Sec. 301 (counterfactual),9.409920599205543
2026-12-25,Without new Sec. 301 (counterfactual),9.409920599205543
2026-12-26,Without new Sec. 301 (counterfactual),9.409920599205543
2026-12-27,Without new Sec. 301 (counterfactual),9.409920599205543
2026-12-28,Without new Sec. 301 (counterfactual),9.409920599205543
2026-12-29,Without new Sec. 301 (counterfactual),9.409920599205543
2026-12-30,Without new Sec. 301 (counterfactual),9.409920599205543
2026-12-31,Without new Sec. 301 (counterfactual),9.409920599205543
