policy,series,value,total_gdp_pct,total_gdp_billion_2026_dollars
Universal subsidy,parents,0.1444,0.5376591484948052,282.22089473780966
Universal subsidy,children,0.3932591484948052,0.5376591484948052,282.22089473780966
Income-limited subsidy,parents,0.1382,0.47249328111246314,248.01489368584816
Income-limited subsidy,children,0.33429328111246315,0.47249328111246314,248.01489368584816
Expanded care credit,parents,0.05330000000000001,0.07328327487675464,38.46688271358293
Expanded care credit,children,0.01998327487675463,0.07328327487675464,38.46688271358293
Provider tax credit,parents,0.0207,0.1340540679299169,70.3658797592092
Provider tax credit,children,0.11335406792991688,0.1340540679299169,70.3658797592092
Child allowance,parents,-0.0007,-0.00192353345272588,-1.0096756162452822
Child allowance,children,-0.00122353345272588,-0.00192353345272588,-1.0096756162452822
