variable,group,statistic,value
income,Entrants,Mean,302841.4027562933
income,Entrants,Median,201571.05943152454
income,Exiters,Mean,152249.67521995417
income,Exiters,Median,140891.78221170104
income,Overlap,Mean,429000.33132286684
income,Overlap,Median,239049.09560723515
inc_no_kg,Entrants,Mean,111593.13557580892
inc_no_kg,Entrants,Median,108828.765625
inc_no_kg,Exiters,Mean,177750.39390374447
inc_no_kg,Exiters,Median,153387.359375
inc_no_kg,Overlap,Mean,387694.8933609219
inc_no_kg,Overlap,Median,233727.359375
kginc,Entrants,Mean,191248.267004734
kginc,Entrants,Median,101513.80231522708
kginc,Exiters,Mean,-25500.717660457947
kginc,Exiters,Median,0.0
kginc,Overlap,Mean,41305.43828192662
kginc,Overlap,Median,0.0
networth,Entrants,Mean,3093253.9911724306
networth,Entrants,Median,1422100.0
networth,Exiters,Mean,1313645.805565
networth,Exiters,Median,589800.0
networth,Overlap,Mean,3647443.3796406095
networth,Overlap,Median,1208550.0
age,Entrants,Mean,60.844067551653715
age,Entrants,Median,62.0
age,Exiters,Mean,50.27309553949037
age,Exiters,Median,50.0
age,Overlap,Mean,52.205503205486714
age,Overlap,Median,52.0
occat1,Entrants,Mean,2.0103518538161205
occat1,Entrants,Median,2.0
occat1,Exiters,Mean,1.4200520636605212
occat1,Exiters,Median,1.0
occat1,Overlap,Mean,1.5322031959361306
occat1,Overlap,Median,1.0
self_emp_mark,Entrants,Mean,0.20659015287414612
self_emp_mark,Entrants,Median,0.0
self_emp_mark,Exiters,Mean,0.17667099335798828
self_emp_mark,Exiters,Median,0.0
self_emp_mark,Overlap,Mean,0.2617193122969211
self_emp_mark,Overlap,Median,0.0
Observations,Entrants,Mean,1557.0
Observations,Exiters,Mean,999.0
Observations,Overlap,Mean,59583.0
