ranking,group,income_measure,effective_rate
Ranked by income,Top 1%,Cash income,25.8
Ranked by income,Top 1%,Accrual income,17.3
Ranked by income,Top 0.1%,Cash income,28.7
Ranked by income,Top 0.1%,Accrual income,21.1
Ranked by income,Top 0.01%,Cash income,29.4
Ranked by income,Top 0.01%,Accrual income,23.2
Ranked by net worth,Top 1%,Cash income,27.3
Ranked by net worth,Top 1%,Accrual income,13.2
Ranked by net worth,Top 0.1%,Cash income,28.6
Ranked by net worth,Top 0.1%,Accrual income,12.4
Ranked by net worth,Top 0.01%,Cash income,30.1
Ranked by net worth,Top 0.01%,Accrual income,8.6
Ranked by net worth,Net worth of $1 billion or more,Cash income,30.6
Ranked by net worth,Net worth of $1 billion or more,Accrual income,8.0
