policy,year,series,value,total_gdp_pct,total_gdp_billion_2026_dollars
Universal subsidy,2030,immediate,0.0858053716835672,0.0949051541670354,32.879633088581
Universal subsidy,2030,career,0.00909978248346821,0.0949051541670354,32.879633088581
Income-limited subsidy,2030,immediate,0.07277921454929,0.0807925422740441,27.9903569998828
Income-limited subsidy,2030,career,0.00801332772475405,0.0807925422740441,27.9903569998828
Expanded care credit,2030,immediate,0.0488198461780165,0.0525257982568306,18.1974202510625
Expanded care credit,2030,career,0.00370595207881408,0.0525257982568306,18.1974202510625
Provider tax credit,2030,immediate,0.020977727680993,0.0225550607305447,7.81413957566239
Provider tax credit,2030,career,0.00157733304955165,0.0225550607305447,7.81413957566239
Child allowance,2030,immediate,-0.00140958294003735,-0.00141194208835849,-0.48916350450097
Child allowance,2030,career,-2.35914832114048e-06,-0.00141194208835849,-0.48916350450097
Universal subsidy,2055,immediate,0.0697930661896384,0.120905754204981,63.4642416598051
Universal subsidy,2055,career,0.0511126880153423,0.120905754204981,63.4642416598051
Income-limited subsidy,2055,immediate,0.0674833195190461,0.115320342127423,60.53242138218
Income-limited subsidy,2055,career,0.0478370226083769,0.115320342127423,60.53242138218
Expanded care credit,2055,immediate,0.0249821022814345,0.0456326228092552,23.9528699074771
Expanded care credit,2055,career,0.0206505205278207,0.0456326228092552,23.9528699074771
Provider tax credit,2055,immediate,0.0101663815407216,0.0177175438118571,9.30005763156276
Provider tax credit,2055,career,0.0075511622711355,0.0177175438118571,9.30005763156276
Child allowance,2055,immediate,-0.000234408025312494,-0.000708108990055134,-0.371691160291263
Child allowance,2055,career,-0.00047370096474264,-0.000708108990055134,-0.371691160291263
