year,policy,value,cost_pct_baseline_gdp,cost_billion_nominal
2026,Universal subsidy,20.1391008,0.0624,20.1391008
2027,Universal subsidy,37.465130671806754,0.114027613081308,38.3720022160564
2028,Universal subsidy,51.30869562836309,0.153352224233537,53.6761921739984
2029,Universal subsidy,65.64275899849348,0.192875599754181,70.1116306398431
2030,Universal subsidy,79.74233164021717,0.23013851338132,86.8600284129447
2031,Universal subsidy,82.59026758559342,0.234267706559463,91.7739055092565
2032,Universal subsidy,82.78618151097926,0.230766830994161,93.8076398664504
2033,Universal subsidy,82.6987223582853,0.226435341001245,95.5226543427392
2034,Universal subsidy,82.3095419717417,0.22144471212292,96.9409658472022
2035,Universal subsidy,81.54948466380588,0.21561994130396,97.9580799138608
2036,Universal subsidy,81.55574433110512,0.211845210318253,99.8780257731158
2037,Universal subsidy,81.33742824696722,0.20762925024761,101.579496244889
2038,Universal subsidy,81.17628771596748,0.203674227103815,103.404590403698
2039,Universal subsidy,81.00793549689902,0.199833240756657,105.273550063292
2040,Universal subsidy,80.62872489429407,0.195439518619213,106.85440697035
2041,Universal subsidy,80.59379665050852,0.192120791785418,109.002805152125
2042,Universal subsidy,80.14631371951324,0.187754231145706,110.519462867377
2043,Universal subsidy,79.45202080094826,0.183056962658913,111.785747874254
2044,Universal subsidy,78.80228684770049,0.178518374916171,113.077109039401
2045,Universal subsidy,78.85298838215986,0.17574466007563,115.416439122148
2046,Universal subsidy,78.43330844302648,0.172066200651754,117.115999142613
2047,Universal subsidy,77.46368402875557,0.167238148863617,117.953400869807
2048,Universal subsidy,76.75827987542958,0.163205989032518,119.25983877771
2049,Universal subsidy,76.12895553930248,0.159380523992384,120.643087636035
2050,Universal subsidy,75.55070071135819,0.155788894316092,122.126964765637
2051,Universal subsidy,74.650877438151,0.151584004200065,123.044071057285
2052,Universal subsidy,74.29244227197091,0.148650576998663,124.925944909676
2053,Universal subsidy,73.78988305454317,0.145502580255006,126.592628417325
2054,Universal subsidy,73.39360717260672,0.142572494761349,128.411054001694
2055,Universal subsidy,72.99994490088885,0.139709841683779,130.262382769438
2026,Income-limited subsidy,18.880407,0.0585,18.880407
2027,Income-limited subsidy,35.30388172908168,0.107449708405831,36.1584386241882
2028,Income-limited subsidy,48.39063819635378,0.14463068898187,50.6234891267451
2029,Income-limited subsidy,61.874713286359395,0.181804095635262,66.0870613920872
2030,Income-limited subsidy,75.34582590408424,0.217450079605002,82.0710962949179
2031,Income-limited subsidy,78.06242380179818,0.221424455049351,86.7425874166731
2032,Income-limited subsidy,78.1507503017633,0.217845546899178,88.5550861967034
2033,Income-limited subsidy,78.05343763212096,0.213716200958672,90.1570342392196
2034,Income-limited subsidy,77.62625501084678,0.2088448469311,91.4251732616399
2035,Income-limited subsidy,76.73632830802421,0.202893772705852,92.1764669842229
2036,Income-limited subsidy,76.8411861440962,0.199598904691641,94.1042967982539
2037,Income-limited subsidy,76.43670805445565,0.195119230184583,95.4591565793545
2038,Income-limited subsidy,76.27518510886247,0.19137718429063,97.1614309556157
2039,Income-limited subsidy,76.22385923094315,0.188031712197895,99.0564222078365
2040,Income-limited subsidy,75.7387203712691,0.183586421211574,100.373856346795
2041,Income-limited subsidy,75.72703845902015,0.180519335146868,102.420533104938
2042,Income-limited subsidy,75.37501392871168,0.176576777283975,103.939977603662
2043,Income-limited subsidy,74.58906184591918,0.171852735417509,104.943763262791
2044,Income-limited subsidy,74.00130605507252,0.167642252872148,106.187955814276
2045,Income-limited subsidy,74.2774924005663,0.16554696177071,108.719325109755
2046,Income-limited subsidy,73.7749489859325,0.161846738678725,110.160173447981
2047,Income-limited subsidy,72.94737686197722,0.157487788294771,111.076452059879
2048,Income-limited subsidy,72.29417367487207,0.153714259035564,112.323927933576
2049,Income-limited subsidy,71.73806713323181,0.150187936362696,113.684758429743
2050,Income-limited subsidy,71.23905531595544,0.146898090359169,115.157232382902
2051,Income-limited subsidy,70.38903750720502,0.142930030071927,116.019449870045
2052,Income-limited subsidy,70.11581311523524,0.140293625536691,117.902762901035
2053,Income-limited subsidy,69.71993493885131,0.137477253098715,119.610296854247
2054,Income-limited subsidy,69.4261138848527,0.134865346444553,121.469441312908
2055,Income-limited subsidy,69.12222585803168,0.132288527677209,123.342912858621
2026,Expanded care credit,5.970727,0.0185,5.970727
2027,Expanded care credit,8.05921582253885,0.0245287585302021,8.25429517679096
2028,Expanded care credit,8.330248190976638,0.024897574823506,8.71462424214875
2029,Expanded care credit,8.555332047622946,0.025137803848545,9.13776766357305
2030,Expanded care credit,8.554333134760904,0.024688035452547,9.31788178067755
2031,Expanded care credit,8.64307758622696,0.024516132747027,9.60414597138233
2032,Expanded care credit,8.689069021987065,0.024220816637467,9.84585884639688
2033,Expanded care credit,8.579811364368735,0.023492170817347,9.9102662279811
2034,Expanded care credit,8.427380869918865,0.022672935433538,9.9254402529982
2035,Expanded care credit,8.453304108336532,0.022350857803434,10.1541958578203
2036,Expanded care credit,8.311538863775759,0.02158964660437,10.1788059156225
2037,Expanded care credit,8.018999773976565,0.020470021571755,10.0146510036576
2038,Expanded care credit,7.927725340254581,0.019890948167245,10.0985548207176
2039,Expanded care credit,7.950510094822222,0.01961259953326,10.3320547223181
2040,Expanded care credit,7.939561368019543,0.019245052601883,10.5220208145009
2041,Expanded care credit,7.922787277318311,0.018886468042528,10.7155398274169
2042,Expanded care credit,7.693903182258364,0.01802407134469,10.609671332267
2043,Expanded care credit,7.5427191610593765,0.017378378119191,10.6122977606433
2044,Expanded care credit,7.408666091308172,0.016783561541469,10.6310435515973
2045,Expanded care credit,7.331168567833756,0.016339440702828,10.7305682138868
2046,Expanded care credit,7.108853038546201,0.015595330065961,10.614883432746
2047,Expanded care credit,6.967141553588915,0.015041523920557,10.6088169042167
2048,Expanded care credit,6.818664581599808,0.0144980697682,10.5942035178563
2049,Expanded care credit,6.7747717123234485,0.014183389983348,10.7361170478953
2050,Expanded care credit,6.566505123725728,0.013540424683214,10.6146909602132
2051,Expanded care credit,6.520288172439184,0.013239916577478,10.7471315641036
2052,Expanded care credit,6.370292809311691,0.012746218495389,10.7119220235249
2053,Expanded care credit,6.142214574729036,0.012111525755399,10.5374755336501
2054,Expanded care credit,6.035049427702813,0.011723528602322,10.5590539533106
2055,Expanded care credit,6.069767427107166,0.011616532689851,10.8309995162979
2026,Provider tax credit,5.6802592,0.0176,5.6802592
2027,Provider tax credit,7.611583718128489,0.0231663604953038,7.79582780207717
2028,Provider tax credit,7.794771404145894,0.023297133508827,8.15443937362612
2029,Provider tax credit,8.006606191252331,0.023525503721877,8.55168528142834
2030,Provider tax credit,8.19957986577137,0.023664207978944,8.93146369645294
2031,Provider tax credit,8.386854713462066,0.023789355288551,9.31943235557928
2032,Provider tax credit,8.594482093063531,0.023957155173165,9.73867940651227
2033,Provider tax credit,8.620069326503941,0.023602400154925,9.95676691495573
2034,Provider tax credit,8.61442160906135,0.023176147839323,10.1457295350291
2035,Provider tax credit,8.757651731929512,0.023155564503981,10.5197813542391
2036,Provider tax credit,8.827620926781233,0.022930196115328,10.8108307719053
2037,Provider tax credit,8.967028649488359,0.022890045524786,11.1986114223187
2038,Provider tax credit,9.103651809661192,0.022841389996087,11.5964823354534
2039,Provider tax credit,9.174837018473923,0.022632812496326,11.923124052752
2040,Provider tax credit,9.196302514779154,0.022291322837133,12.1875355566513
2041,Provider tax credit,9.433610289273377,0.022487992295854,12.7589222369295
2042,Provider tax credit,9.417569432733972,0.0220620066731,12.9865575460469
2043,Provider tax credit,9.488096656709622,0.021860515791572,13.3493644337972
2044,Provider tax credit,9.538203394899394,0.02160780654714,13.6868168230894
2045,Provider tax credit,9.640644026033502,0.02148671524095,14.1109275267586
2046,Provider tax credit,9.6465011157127,0.021162396812182,14.4040795782276
2047,Provider tax credit,9.55080345461955,0.020619451681615,14.5429405099464
2048,Provider tax credit,9.696233237048533,0.020616451253346,15.06510065726
2049,Provider tax credit,9.700932205953226,0.02030948207875,15.3732624595098
2050,Provider tax credit,9.661886664715816,0.019923238650746,15.6183447825247
2051,Provider tax credit,9.758499051361117,0.019815337902939,16.0845457132495
2052,Provider tax credit,9.80438126295073,0.019617431965921,16.48648982416
2053,Provider tax credit,9.736976242863147,0.019199856519234,16.7045855664248
2054,Provider tax credit,9.724478553092224,0.018890516776304,17.0141595259473
2055,Provider tax credit,9.82191063443106,0.018797515280753,17.5263897024379
2026,Child allowance,13.5874382,0.0421,13.5874382
2027,Child allowance,17.97238294761632,0.0547001409617948,18.4074179357584
2028,Child allowance,18.00119431066731,0.0538022483829217,18.8318091767419
2029,Child allowance,18.00556286929786,0.0529050544235524,19.2313576183423
2030,Child allowance,18.020745329410055,0.0520083555976956,19.6292536114603
2031,Child allowance,18.056642211984602,0.0512177558304012,20.064453411048
2032,Child allowance,18.088903353640337,0.05042289458085,20.4971083386939
2033,Child allowance,18.088687723559666,0.0495281916835914,20.8936657744898
2034,Child allowance,18.039430181604335,0.0485330901828896,21.2461367570029
2035,Child allowance,18.052257590610257,0.0477308561560896,21.6845575294169
2036,Child allowance,18.108263830115728,0.0470371399470654,22.1764592594231
2037,Child allowance,18.074751485081563,0.0461392397097245,22.5729309393871
2038,Child allowance,18.110247371272102,0.0454392623731323,23.0693317497898
2039,Child allowance,18.095332797728883,0.0446382070269992,23.5157199292724
2040,Child allowance,18.04565106884187,0.0437416486827554,23.915265259161
2041,Child allowance,17.972058181688713,0.0428420820383057,24.3071407177454
2042,Child allowance,17.947345156207398,0.0420442292917322,24.748873086056
2043,Child allowance,17.85752831197063,0.0411436343648777,25.1248129048906
2044,Child allowance,17.852465117676893,0.0404429006890973,25.617342154488
2045,Child allowance,17.74347548477604,0.0395460100068667,25.9709720597895
2046,Child allowance,17.61524188397072,0.038644139903115,26.3029406043557
2047,Child allowance,17.52996989793971,0.0378458596711988,26.6927605178159
2048,Child allowance,17.42264847981102,0.0370446104489069,27.0696822825506
2049,Child allowance,17.313992290194186,0.0362478789320393,27.4378319576072
2050,Child allowance,17.191299702061325,0.035449222141206,27.789566916267
2051,Child allowance,17.061860099787662,0.0346453405744615,28.1223851417831
2052,Child allowance,17.015928335533086,0.0340469028597165,28.6130171633057
2053,Child allowance,16.911356935768644,0.0333466590257217,29.0128271787619
2054,Child allowance,16.80640586937343,0.0326476828851476,29.4048538395316
2055,Child allowance,16.641156143176694,0.0318484252742216,29.6947710603282
