year,series,value
2026,paid_for,0.0130784052267297
2027,paid_for,0.034436632989121
2028,paid_for,0.0534955161944017
2029,paid_for,0.0709361605865322
2030,paid_for,0.0949051541670354
2031,paid_for,0.101761433033642
2032,paid_for,0.105110827963295
2033,paid_for,0.106500242119223
2034,paid_for,0.107882891821687
2035,paid_for,0.110014738152664
2036,paid_for,0.114469382872961
2037,paid_for,0.117279352099442
2038,paid_for,0.118866006908114
2039,paid_for,0.121392518109942
2040,paid_for,0.11985865552151
2041,paid_for,0.121784234917466
2042,paid_for,0.124899986564642
2043,paid_for,0.122544751324782
2044,paid_for,0.1230550826546
2045,paid_for,0.122685047040139
2046,paid_for,0.122943323622837
2047,paid_for,0.12757521837754
2048,paid_for,0.128218997463825
2049,paid_for,0.126604252346318
2050,paid_for,0.125790444026608
2051,paid_for,0.123491596586134
2052,paid_for,0.124054761085501
2053,paid_for,0.125519129842244
2054,paid_for,0.123727344744196
2055,paid_for,0.120905754204981
2026,deficit_financed,0.0094986052552759
2027,deficit_financed,0.0246185516915132
2028,deficit_financed,0.0352803733890683
2029,deficit_financed,0.0421356299298292
2030,deficit_financed,0.0534353917545305
2031,deficit_financed,0.0471777384219996
2032,deficit_financed,0.0372824015967943
2033,deficit_financed,0.0253206312365917
2034,deficit_financed,0.0132476609582488
2035,deficit_financed,0.00185792563631715
2036,deficit_financed,-0.00740731502621994
2037,deficit_financed,-0.0185029159723626
2038,deficit_financed,-0.0310336982744963
2039,deficit_financed,-0.0428835802289473
2040,deficit_financed,-0.0589816699517964
2041,deficit_financed,-0.0719488724339912
2042,deficit_financed,-0.0840708104454357
2043,deficit_financed,-0.10196392817271
2044,deficit_financed,-0.117367667499946
2045,deficit_financed,-0.134181836454106
2046,deficit_financed,-0.150888143292827
2047,deficit_financed,-0.163727289370963
2048,deficit_financed,-0.181071070390249
2049,deficit_financed,-0.201249103492496
2050,deficit_financed,-0.221284384015286
2051,deficit_financed,-0.243506615700517
2052,deficit_financed,-0.263659375664205
2053,deficit_financed,-0.283697760513668
2054,deficit_financed,-0.307873608949416
2055,deficit_financed,-0.334023915298498
