ai_speed,share_mode,labor_dist,Scenario,macro_cit_delta,outlays_tax_credits,revenues_corp_tax,revenues_estate_tax,revenues_income_tax,revenues_other,revenues_payroll_tax,revenues_vat,total,total_capital,total_interaction,total_labor,total_with_macro_cit,delta_Y
Moderate,Reallocated,Proportional,Moderate AI · Reallocated shares · Proportional labor,33.7774748788545,-1.07849179806213,0,0,69.0530073180144,0,9.3556340249479,0,79.4871331410241,49.4313684315475,0.0480621953411173,30.0077025141354,113.264608019879,403.085723180422
Moderate,Reallocated,Compressive,Moderate AI · Reallocated shares · Compressive labor,33.7774748788545,-7.74837234431591,0,0,17.064085764795,0,34.3343914073391,0,59.146849516449,49.4313684315475,0.0038104265659058,9.71167065833561,92.9243243953035,396.519941774583
Moderate,Reallocated,Expansive,Moderate AI · Reallocated shares · Expansive labor,33.7774748788545,5.45111444954932,0,0,123.483438790769,0,-16.6618761854836,0,101.370448155736,49.4313684315475,0.113857235893192,51.8252224882954,135.147923034591,408.951288056593
Rapid,Reallocated,Proportional,Rapid AI · Reallocated shares · Proportional labor,74.4441671879153,-0.737832220917753,0,0,120.740916836021,0,4.87123295222636,0,126.349982009165,110.676210036276,0.063487409624031,15.6102845632649,200.79414919708,681.365966532718
Rapid,Reallocated,Compressive,Rapid AI · Reallocated shares · Compressive labor,74.4441671879153,-14.1468765597672,0,0,19.3167426642071,0,53.5658418148544,0,87.0294610388273,110.676210036276,-0.261336248324369,-23.385412749124,161.473628226743,667.452005752053
Rapid,Reallocated,Expansive,Rapid AI · Reallocated shares · Expansive labor,74.4441671879153,11.9970284572449,0,0,231.870770165091,0,-47.985752299868,0,171.887989407977,110.676210036276,0.288739502173485,60.9230398695281,246.332156595892,692.402195271912
Slow,Reallocated,Proportional,Slow AI · Reallocated shares · Proportional labor,8.21592200208995,0.368722591245188,0,0,3.93546001088544,0,-3.7673125102699,0,-0.200575090630082,11.8507249604036,-0.00379998303287721,-12.0475000680008,8.01534691145987,18.4844202005042
Slow,Reallocated,Compressive,Slow AI · Reallocated shares · Compressive labor,8.21592200208995,-0.717580226326447,0,0,-4.72220153060562,0,0.372827705542704,0,-3.6317935987372,11.8507249604036,-0.0026685186467148,-15.4798500404941,4.58412840335275,17.460016963887
Slow,Reallocated,Expansive,Slow AI · Reallocated shares · Expansive labor,8.21592200208995,1.45311266812115,0,0,12.6572121884519,0,-7.93797064299088,0,3.26612887733972,11.8507249604036,-0.00433862614409009,-8.58025745691975,11.4820508794297,19.4883121339044
