ai_speed,share_mode,labor_dist,Scenario,total_with_macro_cit
Slow,Reallocated,Proportional,Slow AI · Reallocated shares · Proportional labor,8.01534691145987
Slow,Reallocated,Compressive,Slow AI · Reallocated shares · Compressive labor,4.58412840335275
Slow,Reallocated,Expansive,Slow AI · Reallocated shares · Expansive labor,11.4820508794297
Slow,Fixed,Proportional,Slow AI · Fixed shares · Proportional labor,29.4720839888619
Slow,Fixed,Compressive,Slow AI · Fixed shares · Compressive labor,26.0297648710552
Slow,Fixed,Expansive,Slow AI · Fixed shares · Expansive labor,32.9517848956689
Moderate,Reallocated,Proportional,Moderate AI · Reallocated shares · Proportional labor,113.264608019879
Moderate,Reallocated,Compressive,Moderate AI · Reallocated shares · Compressive labor,92.9243243953035
Moderate,Reallocated,Expansive,Moderate AI · Reallocated shares · Expansive labor,135.147923034591
Moderate,Fixed,Proportional,Moderate AI · Fixed shares · Proportional labor,179.378215374913
Moderate,Fixed,Compressive,Moderate AI · Fixed shares · Compressive labor,158.775240680112
Moderate,Fixed,Expansive,Moderate AI · Fixed shares · Expansive labor,201.520959509256
Rapid,Reallocated,Proportional,Rapid AI · Reallocated shares · Proportional labor,200.79414919708
Rapid,Reallocated,Compressive,Rapid AI · Reallocated shares · Compressive labor,161.473628226743
Rapid,Reallocated,Expansive,Rapid AI · Reallocated shares · Expansive labor,246.332156595892
Rapid,Fixed,Proportional,Rapid AI · Fixed shares · Proportional labor,360.060089694361
Rapid,Fixed,Compressive,Rapid AI · Fixed shares · Compressive labor,319.292138966943
Rapid,Fixed,Expansive,Rapid AI · Fixed shares · Expansive labor,406.815517949216
