ai_speed,share_mode,labor_dist,Scenario,component,delta_B,component_label
Moderate,Reallocated,Proportional,Moderate AI · Reallocated shares · Proportional labor,labor,30.0077025141354,Labor
Moderate,Reallocated,Compressive,Moderate AI · Reallocated shares · Compressive labor,labor,9.71167065833561,Labor
Moderate,Reallocated,Expansive,Moderate AI · Reallocated shares · Expansive labor,labor,51.8252224882954,Labor
Rapid,Reallocated,Proportional,Rapid AI · Reallocated shares · Proportional labor,labor,15.6102845632649,Labor
Rapid,Reallocated,Compressive,Rapid AI · Reallocated shares · Compressive labor,labor,-23.385412749124,Labor
Rapid,Reallocated,Expansive,Rapid AI · Reallocated shares · Expansive labor,labor,60.9230398695281,Labor
Slow,Reallocated,Proportional,Slow AI · Reallocated shares · Proportional labor,labor,-12.0475000680008,Labor
Slow,Reallocated,Compressive,Slow AI · Reallocated shares · Compressive labor,labor,-15.4798500404941,Labor
Slow,Reallocated,Expansive,Slow AI · Reallocated shares · Expansive labor,labor,-8.58025745691975,Labor
Moderate,Reallocated,Proportional,Moderate AI · Reallocated shares · Proportional labor,capital,49.4313684315475,Capital
Moderate,Reallocated,Compressive,Moderate AI · Reallocated shares · Compressive labor,capital,49.4313684315475,Capital
Moderate,Reallocated,Expansive,Moderate AI · Reallocated shares · Expansive labor,capital,49.4313684315475,Capital
Rapid,Reallocated,Proportional,Rapid AI · Reallocated shares · Proportional labor,capital,110.676210036276,Capital
Rapid,Reallocated,Compressive,Rapid AI · Reallocated shares · Compressive labor,capital,110.676210036276,Capital
Rapid,Reallocated,Expansive,Rapid AI · Reallocated shares · Expansive labor,capital,110.676210036276,Capital
Slow,Reallocated,Proportional,Slow AI · Reallocated shares · Proportional labor,capital,11.8507249604036,Capital
Slow,Reallocated,Compressive,Slow AI · Reallocated shares · Compressive labor,capital,11.8507249604036,Capital
Slow,Reallocated,Expansive,Slow AI · Reallocated shares · Expansive labor,capital,11.8507249604036,Capital
Moderate,Reallocated,Proportional,Moderate AI · Reallocated shares · Proportional labor,interaction,0.0480621953411173,Interaction
Moderate,Reallocated,Compressive,Moderate AI · Reallocated shares · Compressive labor,interaction,0.0038104265659058,Interaction
Moderate,Reallocated,Expansive,Moderate AI · Reallocated shares · Expansive labor,interaction,0.113857235893192,Interaction
Rapid,Reallocated,Proportional,Rapid AI · Reallocated shares · Proportional labor,interaction,0.063487409624031,Interaction
Rapid,Reallocated,Compressive,Rapid AI · Reallocated shares · Compressive labor,interaction,-0.261336248324369,Interaction
Rapid,Reallocated,Expansive,Rapid AI · Reallocated shares · Expansive labor,interaction,0.288739502173485,Interaction
Slow,Reallocated,Proportional,Slow AI · Reallocated shares · Proportional labor,interaction,-0.00379998303287721,Interaction
Slow,Reallocated,Compressive,Slow AI · Reallocated shares · Compressive labor,interaction,-0.0026685186467148,Interaction
Slow,Reallocated,Expansive,Slow AI · Reallocated shares · Expansive labor,interaction,-0.00433862614409009,Interaction
Moderate,Reallocated,Proportional,Moderate AI · Reallocated shares · Proportional labor,macro_cit,33.7774748788545,Macro CIT
Moderate,Reallocated,Compressive,Moderate AI · Reallocated shares · Compressive labor,macro_cit,33.7774748788545,Macro CIT
Moderate,Reallocated,Expansive,Moderate AI · Reallocated shares · Expansive labor,macro_cit,33.7774748788545,Macro CIT
Rapid,Reallocated,Proportional,Rapid AI · Reallocated shares · Proportional labor,macro_cit,74.4441671879153,Macro CIT
Rapid,Reallocated,Compressive,Rapid AI · Reallocated shares · Compressive labor,macro_cit,74.4441671879153,Macro CIT
Rapid,Reallocated,Expansive,Rapid AI · Reallocated shares · Expansive labor,macro_cit,74.4441671879153,Macro CIT
Slow,Reallocated,Proportional,Slow AI · Reallocated shares · Proportional labor,macro_cit,8.21592200208995,Macro CIT
Slow,Reallocated,Compressive,Slow AI · Reallocated shares · Compressive labor,macro_cit,8.21592200208995,Macro CIT
Slow,Reallocated,Expansive,Slow AI · Reallocated shares · Expansive labor,macro_cit,8.21592200208995,Macro CIT
