time,value
1980-01-01,-0.164
1980-02-01,-0.231
1980-03-01,-0.335
1980-04-01,-0.502
1980-05-01,-0.623
1980-06-01,-0.624
1980-07-01,-0.412
1980-08-01,-0.283
1980-09-01,-0.152
1980-10-01,-0.096
1980-11-01,-0.079
1980-12-01,-0.077
1981-01-01,-0.003
1981-02-01,0.0
1981-03-01,-0.049
1981-04-01,-0.062
1981-05-01,0.0
1981-06-01,0.0
1981-07-01,0.0
1981-08-01,0.0
1981-09-01,-0.05
1981-10-01,-0.156
1981-11-01,-0.152
1981-12-01,-0.147
1982-01-01,-0.142
1982-02-01,-0.215
1982-03-01,-0.203
1982-04-01,-0.217
1982-05-01,-0.23
1982-06-01,-0.24
1982-07-01,-0.259
1982-08-01,-0.213
1982-09-01,-0.178
1982-10-01,-0.163
1982-11-01,-0.161
1982-12-01,-0.164
1983-01-01,-0.075
1983-02-01,-0.075
1983-03-01,-0.081
1983-04-01,0.0
1983-05-01,-0.046
1983-06-01,-0.026
1983-07-01,-0.02
1983-08-01,-0.035
1983-09-01,-0.043
1983-10-01,-0.114
1983-11-01,-0.14
1983-12-01,-0.08
1984-01-01,-0.045
1984-02-01,-0.043
1984-03-01,-0.029
1984-04-01,0.0
1984-05-01,0.0
1984-06-01,-0.089
1984-07-01,0.0
1984-08-01,0.0
1984-09-01,-0.006
1984-10-01,-0.025
1984-11-01,-0.002
1984-12-01,0.0
1985-01-01,0.0
1985-02-01,0.0
1985-03-01,-0.021
1985-04-01,-0.031
1985-05-01,-0.012
1985-06-01,0.0
1985-07-01,-0.04
1985-08-01,-0.143
1985-09-01,-0.12
1985-10-01,-0.113
1985-11-01,-0.014
1985-12-01,0.0
1986-01-01,-0.015
1986-02-01,-0.075
1986-03-01,-0.174
1986-04-01,-0.11
1986-05-01,0.0
1986-06-01,0.0
1986-07-01,-0.086
1986-08-01,-0.15
1986-09-01,-0.08
1986-10-01,-0.062
1986-11-01,0.0
1986-12-01,0.0
1987-01-01,0.0
1987-02-01,-0.05
1987-03-01,0.0
1987-04-01,-0.172
1987-05-01,-0.065
1987-06-01,-0.018
1987-07-01,-0.019
1987-08-01,-0.055
1987-09-01,0.0
1987-10-01,0.0
1987-11-01,-0.093
1987-12-01,-0.112
1988-01-01,-0.06
1988-02-01,0.0
1988-03-01,0.0
1988-04-01,-0.058
1988-05-01,0.0
1988-06-01,0.0
1988-07-01,0.0
1988-08-01,0.0
1988-09-01,0.0
1988-10-01,0.0
1988-11-01,-0.035
1988-12-01,0.0
1989-01-01,0.0
1989-02-01,0.0
1989-03-01,0.0
1989-04-01,0.0
1989-05-01,0.0
1989-06-01,0.0
1989-07-01,0.0
1989-08-01,0.0
1989-09-01,-0.035
1989-10-01,0.0
1989-11-01,0.0
1989-12-01,0.0
1990-01-01,0.0
1990-02-01,0.0
1990-03-01,0.0
1990-04-01,0.0
1990-05-01,-0.034
1990-06-01,0.0
1990-07-01,0.0
1990-08-01,-0.19
1990-09-01,-0.257
1990-10-01,-0.22
1990-11-01,-0.214
1990-12-01,-0.241
1991-01-01,-0.302
1991-02-01,-0.294
1991-03-01,-0.197
1991-04-01,-0.127
1991-05-01,-0.136
1991-06-01,-0.016
1991-07-01,-0.026
1991-08-01,-0.019
1991-09-01,-0.031
1991-10-01,-0.039
1991-11-01,-0.118
1991-12-01,-0.113
1992-01-01,-0.012
1992-02-01,0.0
1992-03-01,0.0
1992-04-01,0.0
1992-05-01,0.0
1992-06-01,0.0
1992-07-01,-0.02
1992-08-01,0.0
1992-09-01,-0.045
1992-10-01,-0.059
1992-11-01,0.0
1992-12-01,0.0
1993-01-01,0.0
1993-02-01,0.0
1993-03-01,0.0
1993-04-01,0.0
1993-05-01,0.0
1993-06-01,0.0
1993-07-01,0.0
1993-08-01,0.0
1993-09-01,0.0
1993-10-01,0.0
1993-11-01,0.0
1993-12-01,0.0
1994-01-01,0.0
1994-02-01,0.0
1994-03-01,0.0
1994-04-01,0.0
1994-05-01,0.0
1994-06-01,0.0
1994-07-01,0.0
1994-08-01,0.0
1994-09-01,0.0
1994-10-01,0.0
1994-11-01,0.0
1994-12-01,0.0
1995-01-01,0.0
1995-02-01,0.0
1995-03-01,-0.001
1995-04-01,0.0
1995-05-01,0.0
1995-06-01,-0.035
1995-07-01,0.0
1995-08-01,0.0
1995-09-01,0.0
1995-10-01,0.0
1995-11-01,0.0
1995-12-01,0.0
1996-01-01,0.0
1996-02-01,0.0
1996-03-01,0.0
1996-04-01,0.0
1996-05-01,0.0
1996-06-01,0.0
1996-07-01,0.0
1996-08-01,0.0
1996-09-01,0.0
1996-10-01,0.0
1996-11-01,0.0
1996-12-01,0.0
1997-01-01,0.0
1997-02-01,0.0
1997-03-01,0.0
1997-04-01,0.0
1997-05-01,0.0
1997-06-01,0.0
1997-07-01,0.0
1997-08-01,0.0
1997-09-01,0.0
1997-10-01,0.0
1997-11-01,0.0
1997-12-01,0.0
1998-01-01,0.0
1998-02-01,0.0
1998-03-01,0.0
1998-04-01,0.0
1998-05-01,0.0
1998-06-01,0.0
1998-07-01,-0.007
1998-08-01,0.0
1998-09-01,-0.142
1998-10-01,-0.126
1998-11-01,0.0
1998-12-01,0.0
1999-01-01,0.0
1999-02-01,0.0
1999-03-01,0.0
1999-04-01,0.0
1999-05-01,0.0
1999-06-01,0.0
1999-07-01,0.0
1999-08-01,0.0
1999-09-01,0.0
1999-10-01,0.0
1999-11-01,0.0
1999-12-01,0.0
2000-01-01,0.0
2000-02-01,0.0
2000-03-01,0.0
2000-04-01,0.0
2000-05-01,0.0
2000-06-01,0.0
2000-07-01,0.0
2000-08-01,0.0
2000-09-01,0.0
2000-10-01,0.0
2000-11-01,0.0
2000-12-01,0.0
2001-01-01,0.0
2001-02-01,0.0
2001-03-01,0.0
2001-04-01,0.0
2001-05-01,0.0
2001-06-01,0.0
2001-07-01,0.0
2001-08-01,0.0
2001-09-01,-0.143
2001-10-01,-0.334
2001-11-01,-0.221
2001-12-01,-0.165
2002-01-01,-0.109
2002-02-01,-0.095
2002-03-01,-0.027
2002-04-01,-0.059
2002-05-01,-0.065
2002-06-01,-0.084
2002-07-01,-0.163
2002-08-01,-0.087
2002-09-01,-0.131
2002-10-01,-0.171
2002-11-01,-0.062
2002-12-01,-0.042
2003-01-01,-0.049
2003-02-01,-0.073
2003-03-01,-0.178
2003-04-01,-0.191
2003-05-01,-0.093
2003-06-01,-0.008
2003-07-01,0.0
2003-08-01,0.0
2003-09-01,0.0
2003-10-01,0.0
2003-11-01,0.0
2003-12-01,0.0
2004-01-01,0.0
2004-02-01,0.0
2004-03-01,0.0
2004-04-01,0.0
2004-05-01,0.0
2004-06-01,0.0
2004-07-01,0.0
2004-08-01,0.0
2004-09-01,0.0
2004-10-01,0.0
2004-11-01,0.0
2004-12-01,0.0
2005-01-01,0.0
2005-02-01,0.0
2005-03-01,0.0
2005-04-01,0.0
2005-05-01,0.0
2005-06-01,0.0
2005-07-01,0.0
2005-08-01,0.0
2005-09-01,0.0
2005-10-01,0.0
2005-11-01,0.0
2005-12-01,0.0
2006-01-01,0.0
2006-02-01,0.0
2006-03-01,0.0
2006-04-01,0.0
2006-05-01,0.0
2006-06-01,0.0
2006-07-01,0.0
2006-08-01,0.0
2006-09-01,0.0
2006-10-01,0.0
2006-11-01,0.0
2006-12-01,0.0
2007-01-01,0.0
2007-02-01,0.0
2007-03-01,0.0
2007-04-01,0.0
2007-05-01,0.0
2007-06-01,0.0
2007-07-01,0.0
2007-08-01,-0.039
2007-09-01,-0.181
2007-10-01,-0.111
2007-11-01,-0.105
2007-12-01,-0.129
2008-01-01,-0.239
2008-02-01,-0.244
2008-03-01,-0.282
2008-04-01,-0.254
2008-05-01,-0.244
2008-06-01,-0.285
2008-07-01,-0.331
2008-08-01,-0.321
2008-09-01,-0.366
2008-10-01,-0.442
2008-11-01,-0.401
2008-12-01,-0.411
2009-01-01,-0.368
2009-02-01,-0.343
2009-03-01,-0.308
2009-04-01,-0.245
2009-05-01,-0.274
2009-06-01,-0.331
2009-07-01,-0.305
2009-08-01,-0.221
2009-09-01,-0.13
2009-10-01,-0.074
2009-11-01,0.0
2009-12-01,0.0
2010-01-01,0.0
2010-02-01,-0.067
2010-03-01,-0.082
2010-04-01,-0.078
2010-05-01,-0.217
2010-06-01,-0.216
2010-07-01,-0.202
2010-08-01,-0.132
2010-09-01,-0.115
2010-10-01,-0.136
2010-11-01,-0.096
2010-12-01,-0.054
2011-01-01,-0.001
2011-02-01,-0.02
2011-03-01,-0.107
2011-04-01,-0.125
2011-05-01,-0.127
2011-06-01,-0.222
2011-07-01,-0.338
2011-08-01,-0.392
2011-09-01,-0.301
2011-10-01,-0.202
2011-11-01,-0.176
2011-12-01,-0.29
2012-01-01,-0.198
2012-02-01,-0.086
2012-03-01,-0.018
2012-04-01,-0.001
2012-05-01,-0.122
2012-06-01,-0.239
2012-07-01,-0.235
2012-08-01,-0.169
2012-09-01,-0.046
2012-10-01,0.0
2012-11-01,0.0
2012-12-01,-0.005
2013-01-01,-0.077
2013-02-01,-0.038
2013-03-01,-0.046
2013-04-01,0.0
2013-05-01,0.0
2013-06-01,0.0
2013-07-01,0.0
2013-08-01,0.0
2013-09-01,0.0
2013-10-01,-0.245
2013-11-01,-0.076
2013-12-01,0.0
2014-01-01,0.0
2014-02-01,0.0
2014-03-01,0.0
2014-04-01,0.0
2014-05-01,0.0
2014-06-01,0.0
2014-07-01,0.0
2014-08-01,0.0
2014-09-01,0.0
2014-10-01,0.0
2014-11-01,0.0
2014-12-01,0.0
2015-01-01,0.0
2015-02-01,0.0
2015-03-01,0.0
2015-04-01,0.0
2015-05-01,0.0
2015-06-01,0.0
2015-07-01,0.0
2015-08-01,0.0
2015-09-01,0.0
2015-10-01,0.0
2015-11-01,0.0
2015-12-01,0.0
2016-01-01,0.0
2016-02-01,-0.048
2016-03-01,-0.023
2016-04-01,-0.009
2016-05-01,0.0
2016-06-01,0.0
2016-07-01,-0.022
2016-08-01,0.0
2016-09-01,0.0
2016-10-01,0.0
2016-11-01,0.0
2016-12-01,0.0
2017-01-01,0.0
2017-02-01,0.0
2017-03-01,0.0
2017-04-01,0.0
2017-05-01,0.0
2017-06-01,0.0
2017-07-01,0.0
2017-08-01,0.0
2017-09-01,0.0
2017-10-01,0.0
2017-11-01,0.0
2017-12-01,0.0
2018-01-01,0.0
2018-02-01,0.0
2018-03-01,0.0
2018-04-01,0.0
2018-05-01,0.0
2018-06-01,-0.07
2018-07-01,-0.116
2018-08-01,-0.031
2018-09-01,0.0
2018-10-01,0.0
2018-11-01,0.0
2018-12-01,0.0
2019-01-01,-0.09
2019-02-01,-0.003
2019-03-01,0.0
2019-04-01,0.0
2019-05-01,0.0
2019-06-01,-0.176
2019-07-01,-0.096
2019-08-01,-0.208
2019-09-01,-0.178
2019-10-01,-0.194
2019-11-01,-0.047
2019-12-01,0.0
2020-01-01,0.0
2020-02-01,0.0
2020-03-01,-0.383
2020-04-01,-0.603
2020-05-01,-0.631
2020-06-01,-0.598
2020-07-01,-0.465
2020-08-01,-0.372
2020-09-01,-0.274
2020-10-01,-0.19
2020-11-01,-0.126
2020-12-01,-0.155
2021-01-01,-0.082
2021-02-01,-0.023
2021-03-01,0.0
2021-04-01,0.0
2021-05-01,0.0
2021-06-01,0.0
2021-07-01,0.0
2021-08-01,0.0
2021-09-01,-0.036
2021-10-01,-0.131
2021-11-01,0.0
2021-12-01,0.0
2022-01-01,0.0
2022-02-01,-0.044
2022-03-01,-0.181
2022-04-01,-0.088
2022-05-01,-0.066
2022-06-01,-0.107
2022-07-01,-0.19
2022-08-01,-0.105
2022-09-01,-0.099
2022-10-01,-0.22
2022-11-01,-0.118
2022-12-01,-0.12
2023-01-01,-0.105
2023-02-01,-0.035
2023-03-01,-0.126
2023-04-01,-0.214
2023-05-01,-0.34
2023-06-01,-0.285
2023-07-01,-0.039
2023-08-01,-0.048
2023-09-01,-0.017
2023-10-01,-0.058
2023-11-01,0.0
2023-12-01,0.0
2024-01-01,0.0
2024-02-01,0.0
2024-03-01,0.0
2024-04-01,0.0
2024-05-01,0.0
2024-06-01,0.0
2024-07-01,0.0
2024-08-01,0.0
2024-09-01,0.0
2024-10-01,0.0
2024-11-01,0.0
2024-12-01,0.0
2025-01-01,0.0
2025-02-01,0.0
2025-03-01,-0.071
2025-04-01,-0.139
2025-05-01,-0.06
2025-06-01,-0.076
2025-07-01,-0.022
2025-08-01,0.0
2025-09-01,-0.035
2025-10-01,-0.118
2025-11-01,-0.074
2025-12-01,0.0
2026-01-01,0.0
2026-02-01,0.0
2026-03-01,-0.146
2026-04-01,-0.165
2026-05-01,-0.067
2026-06-01,-0.012
2026-07-01,0.0
