row,column,value
Annual hours by work state,c1,"0, 1,000, and 2,000"
Annual hours by work state,c2,"Standardized nonwork, part-time, and full-time hours"
Experience credit per year,c1,"0, 0.15, and 1"
Experience credit per year,c2,Part-time credit from Blundell and coauthors
Return to an additional experience year,c1,0.02 in log wages
Return to an additional experience year,c2,Within the range implied by Blundell and coauthors; no depreciation of the accumulated difference
Avoided year out of work,c1,0.01 in log wages
Avoided year out of work,c2,Near the lower end of Blundell and coauthors’ implied wage losses
First-year retention after eligibility,c1,20%
First-year retention after eligibility,c2,Employment state dependence; applies only while the baseline parent is out of work
Retention half-life,c1,Two years
Retention half-life,c2,Fading employment effects in childcare and earnings-subsidy studies
Wage catch-up ceiling,c1,Greater of the wage anchor and about 87% of the national average
Wage catch-up ceiling,c2,ACS wage of employed mothers of young children
History retirement age,c1,65
History retirement age,c2,Older parents keep their immediate ECEC effects
Effective-workforce normalization,c1,"1,830 annual hours per unit of baseline potential labor force"
Effective-workforce normalization,c2,"Separate from the 2,000-hour full-time worker equivalent"
