ai_speed,share_mode,labor_dist,Scenario,decile,pretax_base_d_B,pretax_cf_d_B,tax_base_d_B,tax_cf_d_B,dY_factor_d_B,atr_base,atr_cf_std,dATR
Moderate,Reallocated,Proportional,Moderate AI · Reallocated shares · Proportional labor,1,-542.934369809947,-540.74594176429,10.1634780492893,10.2666709427895,5.16018900043502,-0.0187195333624707,-0.0189861266629066,-0.00026659330043587
Moderate,Reallocated,Proportional,Moderate AI · Reallocated shares · Proportional labor,2,388.015540628305,390.270688126179,-22.1320199327549,-22.088326290751,4.44061111078881,-0.0570390038938054,-0.0565974513658827,0.00044155252792269
Moderate,Reallocated,Proportional,Moderate AI · Reallocated shares · Proportional labor,3,561.153333258383,564.683335096178,-28.3209534736833,-28.0997517441893,5.93581188577805,-0.0504691887139569,-0.0497619639145244,0.000707224799432533
Moderate,Reallocated,Proportional,Moderate AI · Reallocated shares · Proportional labor,4,820.169437223817,827.191729845625,-11.9244988869571,-11.2310971724855,9.80103293915134,-0.0145390675947646,-0.0135773808746631,0.000961686720101449
Moderate,Reallocated,Proportional,Moderate AI · Reallocated shares · Proportional labor,5,1092.09465240244,1102.63940626043,25.8751535659036,27.1935558299538,14.4406703464036,0.0236931418984446,0.0246622383306434,0.000969096432198703
Moderate,Reallocated,Proportional,Moderate AI · Reallocated shares · Proportional labor,6,1431.3633583382,1447.98085444721,69.7612385491509,72.0208322509512,19.7291984804921,0.0487376165826566,0.0497388014694754,0.00100118488681884
Moderate,Reallocated,Proportional,Moderate AI · Reallocated shares · Proportional labor,7,1878.29534636384,1900.44020918619,121.053987882839,124.669209569249,25.4107572160766,0.0644488568409571,0.0656001746156671,0.00115131777471005
Moderate,Reallocated,Proportional,Moderate AI · Reallocated shares · Proportional labor,8,2601.56180865961,2634.77964641,208.271689492574,213.338761089669,37.7228906344572,0.0800564064245242,0.0809702478840506,0.000913841459526429
Moderate,Reallocated,Proportional,Moderate AI · Reallocated shares · Proportional labor,9,3791.68208048503,3855.70317566834,402.378381436465,415.535123456967,60.5267220778903,0.106121339525647,0.107771554117347,0.00165021459169955
Moderate,Reallocated,Proportional,Moderate AI · Reallocated shares · Proportional labor,10,11740.8308088609,11982.3746163151,2177.01364224858,2237.06661735816,257.585174594909,0.185422452438849,0.186696434470692,0.00127398203184365
